N,P,K,pH,Temperature,Humidity,Fertilizer
17.49080237694725,78.02857225639664,14.639878836228101,6.598658484197037,17.34027960663655,44.67983561008608,DAP
82.32334448672798,17.323522915498703,12.022300234864176,7.208072577796045,20.308767414437035,79.09729556485983,Urea
32.48663961200633,23.185086660174143,1.8182496720710062,6.683404509853434,23.042422429595376,60.49512863264476,28-28
26.479175279631736,24.368437102970628,6.118528947223795,6.639493860652042,22.92144648535218,57.327236865873836,28-28
14.56069984217036,40.70351922786027,11.996737821583597,6.771351657620418,30.924145688620424,56.16126031799995,14-35-14
104.30179407605753,3.4104824737458306,1.3010318597055903,7.448885537253333,34.484480496118394,74.25192044349383,Urea
8.046137691733707,21.95344228012768,33.684660530243136,6.160228740609402,21.22038234844779,62.37942275278176,10-26-26
20.515827816728276,33.639806031181735,2.587799816000169,7.162522284353982,23.11711076089411,60.40136042355621,28-28
20.467102793432797,16.84854455525527,9.695846277645586,6.7751328233611146,31.39498941564189,77.89654700855297,20-20
103.9159991524434,18.437484700462335,1.76985004103839,6.695982862419145,20.67840933365807,59.75990992289793,Urea
95.54709158757927,5.426980635477918,16.57475018303859,6.856753326693589,24.21401764531071,66.28088249474746,Urea
11.409242249747626,41.043939615080795,10.745506436797708,7.480330404900776,32.722447692966576,59.96789203835431,14-35-14
20.082831756854034,32.23192142682251,7.068573438476172,7.2290071680409875,27.71270346685946,51.480893034681806,28-28
25.37698592816409,21.738035892876944,8.631034258755935,7.123298126827558,23.308980248526492,51.27116700572047,28-28
16.219646434313244,53.007332881069885,14.59212356676128,6.637557471355213,28.308191138644897,54.16644775485848,DAP
16.195942459383016,22.13244787222995,7.607850486168974,6.561277197569496,29.70967179954561,69.87591192728782,20-20
10.22732829381994,28.550820367170992,20.508382534881903,5.661837140489957,20.314291856867342,65.9102602815945,10-26-26
92.57423924305307,10.171413823294056,18.15132947852186,6.749292229148875,26.155743845534445,72.66653415629146,Urea
23.431972482374338,21.154698647431896,2.8975145291376805,6.661221287254005,29.29697652342573,66.16240759128834,28-28
29.501056347656352,33.07190885281577,8.036720768991145,6.686570058886036,28.92558998489978,60.786844838313016,28-28
26.14880310328125,75.84365199693973,6.3600694994372775,6.110051924527677,18.419027438129124,52.81323365878769,DAP
32.27022148883739,32.910958748845154,0.06952130531190703,7.010747302577566,24.17411003148779,54.442156209414605,28-28
2.397307346673656,6.752303428072559,77.71638815650077,6.484804398031133,27.781859326150492,64.06037917790356,MOP
8.63629602379294,39.435641654419214,39.24894589884222,5.877673443738046,24.972485058923855,57.52195774541924,10-26-26
91.3936197750987,0.7377389470906559,12.191286679597937,7.002679023228861,20.77218126874984,58.359393927098346,Urea
33.623988289499806,23.593428360004587,1.448948720912231,6.989452760277563,29.856504541106005,54.84110543023001,28-28
21.721355474058786,22.616196153287177,2.3763754399239967,6.728216348611859,25.677831327192532,72.64611661187159,20-20
105.34118843043579,10.71549368149517,1.805795401088166,7.335302495589238,24.811700974576038,55.595555311995625,Urea
10.40775141554764,36.81785886376484,16.775643618422826,6.024881743391784,30.12093058299281,60.66239437994845,14-35-14
11.451727904094499,23.487328580099827,33.81875476204932,6.080103019450807,29.367299887367345,53.43802360364983,10-26-26
13.410663510502586,27.269470424811782,19.24693618278563,7.316009030071472,27.579416277151555,71.49960115085447,14-35-14
112.68888800804864,11.104016231989247,10.59301156712013,6.741852290900452,21.396541517088487,76.91647273859981,Urea
19.004180571633306,37.66202914546536,13.390297910487007,6.5238143619189914,32.2595567887024,77.42775649881443,14-35-14
27.741728485302346,71.19502183430495,12.840632923085755,6.084139964995049,17.424430711419205,66.95662565581237,DAP
11.0642905965959,20.183941032332594,22.02943085732064,6.495252653662083,20.050615838462186,54.020201285437466,10-26-26
101.94935157466344,13.837903953853864,13.039225190052012,6.72426930946056,30.68268832021304,57.117472624904,Urea
16.507993963185356,69.85965620472096,12.992657980944294,6.849223410494178,24.86419338450515,57.04925810006415,DAP
1.8734953565618495,7.354316061188671,50.60809470726902,6.3659844650686255,34.59515832128668,57.861954493335205,MOP
13.920465551771134,32.62277251994526,35.89622607083297,6.2539556396577884,25.76903884626359,62.3129423454716,10-26-26
22.928644816970667,30.83678172892258,2.807723624408558,6.524315966431454,26.454722959071677,53.54221358814098,28-28
24.40458584352914,24.539285770025874,9.148643902204485,6.370158700255445,22.154566165288674,78.5663712517545,20-20
18.563682966346285,78.66619276174679,19.272399541785056,6.85300945546736,19.416733381043784,51.55293185805776,DAP
23.51136671516857,18.169220051562775,1.6949274668609249,6.55680126245835,31.361547741607808,73.92059593349946,20-20
11.401223401787298,1.9435298754153707,64.6002890679668,7.485080775156395,22.10126022854786,60.36659304727473,MOP
23.773730719279556,22.407686177542043,6.97015740995268,6.702484083987109,25.59491151219755,65.87183688528987,20-20
32.140417332177705,32.15170092018771,8.670723185801037,7.413240552556472,25.113423988609377,60.03032589374399,28-28
17.98295178966775,37.999278615555305,17.019668772577035,7.193689004154152,33.90005341817566,63.449878921288395,14-35-14
7.51165905279888,1.87963879681738,63.13120563984696,6.053913410695113,26.9839702719869,60.852892694151535,MOP
15.730825042565687,63.63333042276043,0.6100049987809886,6.037348188749214,27.339008409894873,50.80571924233789,DAP
16.27060512651885,20.222432600548043,7.699935530986108,6.215821027496843,28.22890475819,61.70694929987536,20-20
82.06726884674431,10.62709263136296,10.81270243220213,7.137429901498207,30.891370005839924,79.27556238387604,Urea
20.326006966023904,52.91825891764984,15.903723895374073,6.270832251262075,21.584571310584543,42.35369144026798,DAP
0.5070148683091502,19.252968293558503,73.43920482048824,7.043961309140547,26.134294166214048,53.46588640141692,MOP
13.128740853421721,50.00971592658381,10.984533294122409,6.714595922700062,24.90296065076597,48.39801690837828,DAP
24.548652806631942,22.378969166957685,5.543540525114007,6.611720746234353,26.1960006242779,64.95461979002314,20-20
7.119453573025232,15.156922209287382,40.57573954519023,6.174108960760375,20.69003963032629,50.8145760463794,MOP
27.109211680220145,68.14631437520094,9.483476581746505,6.097834160651002,22.374238126752484,54.20415312341697,DAP
22.598028048650228,26.507774738569594,3.9850473439737346,7.115850098052216,26.350936508676437,50.90608019544089,28-28
13.746126146264713,37.51719831428473,15.031362585800878,7.284734761782484,31.58693631618945,59.073360677035744,14-35-14
11.411374948008596,65.69677112825262,0.5302262108324363,6.585775581273463,29.103453621374364,57.26422533627637,DAP
13.881699262065219,37.86576436884707,14.582528904915167,6.818425183973902,34.41464808776525,64.65256594501936,14-35-14
118.44762255295657,18.107012839121275,3.915822695785929,6.5693613008751655,21.5116700206614,50.54665476954649,Urea
5.944429607559284,33.66013546832714,21.42377296920458,5.978463445440642,28.448753109694543,50.581798393395644,10-26-26
26.289369651778717,51.274190990936,2.363296552433125,6.6967371653641505,24.43414270169826,66.3241604058116,DAP
109.40284175215544,16.06961860769697,5.64069145142613,6.677439543779723,31.259221274612877,74.20504217801792,Urea
14.905051420006734,28.25235353822853,27.440361715855666,6.664619441112995,23.408035402530178,73.26893314008912,10-26-26
17.168255036860238,8.579880547500366,70.03484271165989,7.131814311127023,21.54685803253899,68.05105813359134,MOP
15.052523724478572,41.52914932215484,13.200496010306118,7.343284842744301,28.892016787341632,55.27094128700746,14-35-14
33.58072964628896,21.369300151792004,3.1931363759041487,7.450061967050805,29.506071469375563,61.46875776246572,28-28
29.47755818254699,26.726682829674797,2.9321077169806453,6.828664545369916,26.725184560770384,65.0474905887536,28-28
22.915790437258487,22.89618142794554,0.9120610304869037,6.494420304702581,22.575587600166443,70.9905776464747,20-20
19.41530501373377,23.877041827583,3.5091501255207866,6.1170670164276055,23.42991682052836,75.23021263434944,20-20
104.72872253265044,2.022453522455805,1.6821361222999487,7.20096913145912,21.091445095462902,74.65580177871068,Urea
108.24968908625985,1.6269756128379953,1.6967542817038384,7.486639578501175,25.614061936341805,61.11926441200673,Urea
23.127995672575025,24.472485773838585,9.860010638228708,6.753378185258942,25.762595855309158,61.67001433397338,20-20
12.771469159274368,31.1680849947161,28.484440184939526,6.8595315776421035,21.111974823061512,62.31562760727148,10-26-26
0.22707289534838138,9.373212839882525,42.25213102727349,6.178226874402108,21.762893701656573,62.984206042321276,MOP
14.920897585308467,11.667375301943192,78.48690193898167,6.562305869285556,24.28568129422791,67.3719825637892,MOP
17.235958385194525,24.632225394406113,0.12154474689816341,6.969878826707639,22.431599119505762,77.82286227396142,20-20
20.554022181725998,79.71859184477202,1.4759312947079772,6.553854284401321,29.539538034286487,55.692935325104465,DAP
16.293986381352624,38.914973779692346,14.545410647677732,6.941337120126095,30.843143119231,77.52895026227472,14-35-14
0.9089276068291574,5.619263791844606,78.01645936306235,7.3353956758363745,26.834851291785693,62.40265195603074,MOP
24.16071774471699,22.82181739585642,4.636984049399821,6.853352228026052,25.83656111850872,51.554692739299696,28-28
19.743948076661667,44.72421488959206,16.98161714019745,6.804144549516181,28.09527616286328,75.34487549267371,14-35-14
23.694623451077586,46.504677573795654,18.21854368987685,6.822537242923169,29.24699869937886,61.7715852516508,DAP
22.268303918715798,56.729721451624755,18.654569667080267,6.866063889500408,15.678280051592841,40.79100923491756,DAP
13.764633668780496,41.21106661563665,19.872761293149445,6.225625336655292,30.94130715352135,64.52227141577553,14-35-14
24.699143978146033,23.421189231357086,8.383287047111379,6.46869315979497,26.14819502337665,65.46814143861413,20-20
82.25501986603709,17.294447525101063,16.258020182601552,7.49971767328613,34.94955255610858,66.66295116807882,Urea
22.689874151805107,24.447657298824282,8.496473906774115,6.2473481017431975,26.505441353100935,62.5831883030299,20-20
118.1620410903489,12.123492689017601,4.572856110069255,7.171700684405857,29.271923606868437,60.74488154098522,Urea
16.135575921996292,21.715731955927996,5.2030770090379335,6.77231839173564,27.201635011119933,77.0436300063708,20-20
11.038136775489711,11.218759430707726,75.06614410633381,6.6052242993185954,22.01022842675961,50.57565352626678,MOP
31.327058835104285,29.30464327030197,7.0407976809922355,6.712964161508911,21.363714755867697,50.290893313357635,28-28
8.505875588065969,31.79835373709266,27.844880901994646,6.1562123830355935,29.041586944937485,58.70638667558251,10-26-26
10.139894891598107,35.67306025482286,27.930855646425403,6.43313005034181,28.62363708746745,73.73801559144106,10-26-26
6.470734809290379,38.53175250322989,29.842325861590766,5.887366582448437,24.591357562382612,74.50081438213692,10-26-26
9.852361879857392,6.575032205750164,65.33603417266903,6.36021842816729,21.13794992162996,52.577594438212984,MOP
85.1218335583109,3.038053870245887,2.7765434529882027,7.140874744803215,22.728201265987174,60.3700184997159,Urea
18.967884099060118,34.479232805257446,16.67557738521027,6.258479806802445,26.922890188086708,56.02171540666197,14-35-14
22.53402594608247,24.17885508547938,1.7701048427674682,6.588702533757056,21.206358711006008,59.21557536065451,28-28
23.095005776086886,25.46404791572113,5.034172708548569,7.1903948286293655,20.39312139841099,65.98820797818085,28-28
16.279003894909078,26.635180638977438,18.73578624106777,7.38130860079772,25.61077959854864,61.92194120368009,14-35-14
23.062012797930613,22.482596903836583,1.8452101935637732,6.20934932333671,25.70472102791382,69.69045970382042,20-20
16.18254771530296,32.378272791395446,14.62534716133148,7.121206407200635,25.36683202890598,61.31092360860052,14-35-14
108.5339834353821,17.904136753743987,10.233548842313322,7.032113485265316,21.60758017009664,63.422371004703635,Urea
101.30469065820093,4.849410072694593,5.384864618987619,6.877284163104623,20.301067966665897,59.66237496749535,Urea
17.114480069965445,18.274973521779145,1.1976213181925122,6.890527280739895,27.935924535540487,73.58204638288979,20-20
111.56684954429353,9.968843978581145,1.7384057617484738,7.037106541818548,28.802616770313186,72.36318422552989,Urea
8.633190924593588,2.551606055911275,51.35103623194898,6.544623444597953,29.688758619974017,61.41556609337824,MOP
25.341450888467694,34.79772873189469,6.057748193568871,6.737226791735995,21.017824726204037,53.05718278368664,28-28
14.919154567690162,46.427254930382226,3.7313404810261153,6.285095168693847,17.60060392942132,66.90296273879275,DAP
83.20934982646568,10.490227791405093,8.20793653979323,7.482378616908607,21.680583532520785,61.93566797137225,Urea
24.694704332753687,23.655071258939802,8.1707207094928,6.25790282704494,23.70887587390066,73.37286439848862,20-20
117.17503956510343,11.135257860278596,11.432253789397997,6.779979093660284,31.542393997879053,55.6113124567257,Urea
8.236792364042437,28.508728772328336,30.1522075736891,5.86361459862262,21.148368247392035,65.26550106104082,10-26-26
17.88630553240256,20.812382214226123,1.5436271527420231,6.481140101854818,27.325894325515858,61.036470736448535,20-20
18.366042781939207,16.34414676938974,0.6337497047276774,6.9899602323899455,25.22353844974723,76.1974889170927,20-20
5.092813095275277,13.630054444478585,70.40911439558747,6.893458110911767,27.073642828252375,58.23681828294537,MOP
93.95473066171981,18.59058288495652,16.612388155754584,7.465026910666513,21.864458352283172,71.92602425610933,Urea
34.07510685231557,22.718495992484904,0.664962673667775,7.241120649290059,25.74473113179912,66.83657553516544,28-28
6.397723766262895,35.905346237197804,24.032546400954892,5.745483914298557,21.64265797930993,70.36436800578456,10-26-26
21.651972206962,20.23065424769119,3.5883048412350247,6.877200540813108,25.924451074226354,76.33198878943153,20-20
26.587023628553276,25.65416644137361,4.626797856696064,6.801377874164142,27.47609380176251,60.054407801849585,28-28
23.48319042720226,33.49361859911853,3.8389122137321143,7.043552861113989,29.06472110964547,62.48475991827984,28-28
12.337960814167282,77.59328494453901,12.554161061428356,6.334905614657086,17.08908108995081,63.82075567810888,DAP
104.80291023714054,10.66922183952643,17.877851661019154,7.2885972112245305,22.275123195991267,59.35166203386645,Urea
23.727337097216985,31.159194388590155,0.3353243473577938,7.069889684871317,27.624586857406904,67.53531273523498,28-28
18.420817487159074,23.21257304672013,1.1063173695520723,6.8464522917345185,23.274886623319823,67.94574581120735,20-20
25.94590731559107,45.99669709395095,4.585027904652829,6.722252568393066,25.800548048191118,59.23442898655892,DAP
16.939484444671002,35.854488866951925,12.517990589069527,6.518543990255879,26.815977168014257,77.71126403334071,14-35-14
11.667835895322408,8.017028335272798,58.48023214576531,7.420925009417723,22.3002710467412,61.724596640335946,MOP
15.05888678884466,37.22908470869296,10.181101838208406,7.308185863416227,34.32118282483612,69.12832958973023,14-35-14
30.449762358153386,33.837490717659435,7.072386343133986,6.6525390429142615,25.762883601668133,62.13430092765712,28-28
19.24130671302386,22.364442356247228,9.343670147690148,6.925568512906777,26.508393714041322,62.264760916815106,20-20
19.848411989623344,41.77796172891868,11.246626812032668,7.3812628239260585,33.698963620621285,67.9709514281518,14-35-14
11.825508714898586,7.980054077402605,42.19046555288125,6.502795862468851,32.042801728970176,50.092640460092056,MOP
6.669983433822884,7.963373871818867,61.49582411751692,7.3797834246191405,25.19518991548942,56.93906403792455,MOP
22.375012481097485,19.522179408898072,2.2460482293998196,6.452439516132693,23.408570203798,63.527739730124466,20-20
19.9836777273948,19.18925449504548,9.148459010681,6.362393899116633,27.805883502780436,72.6452857583906,20-20
80.52377826353334,13.270747440334212,3.5607193373950285,7.4610703174694555,22.229940916296695,62.43872371181071,Urea
15.853496680786439,24.96874251845947,5.021950103312426,6.5953850173200435,22.670764773884276,74.99920940798356,20-20
4.198111861911715,17.961085788814273,48.205585619280285,6.2860315809955,20.548245017721424,59.44133890219999,MOP
102.59364533050466,1.3141727885670473,15.510552333900211,6.953288834748028,27.8658540399137,63.222882408146845,Urea
8.01526121750652,11.192806626164359,46.2096098372285,6.272892195742907,32.92678431520276,68.92230924267265,MOP
25.599639744196296,24.06117009715331,6.439995432390157,6.9087341710980965,20.25386355660345,53.12305194732381,28-28
24.31944457694795,66.35695767640605,0.5419198500696698,6.22197216193295,18.46612194882107,60.15678230796185,DAP
0.3942107550872831,2.082171639691477,71.99664341492758,6.2678169930815,29.791191617778118,54.76365562093453,MOP
10.994413927593452,29.86344381998908,17.22266931855659,7.283544702159428,33.30219864566992,64.92958824046137,14-35-14
106.72340546282584,4.099685908316419,5.862954605220265,7.39633581852112,20.19502885266104,52.56525592563404,Urea
7.078862551460273,20.530644077476396,23.628708701795947,6.3745623414545385,24.21424550592498,72.31679277692437,10-26-26
18.17443561738441,31.83634703395752,12.594234334312926,6.5695386122509,30.902949425148076,61.701591020571904,14-35-14
21.24148907849134,19.094116521912404,5.520471808519803,6.436126529135317,24.944657595419176,78.96906613924313,20-20
31.454086912396413,22.101697636496787,8.684679758979128,6.987431198249514,28.945522268940913,65.99710511894631,28-28
14.252135044692334,25.44938616640235,12.68677359384946,6.8124513219913005,31.334782198261472,61.44719213583006,14-35-14
6.393560740728241,36.69860473598598,39.68804361407104,6.288535273454029,21.716792858483036,56.807683162984226,10-26-26
20.275860148212,33.71448209840749,1.1775108289014113,7.076516475514254,22.74055220687206,61.08356005031587,28-28
106.05681553407457,16.594836074144034,4.128425435212064,6.510995828658481,22.05328445103211,77.00055925544315,Urea
17.477801551250305,11.948262043406165,64.02067441734613,6.997555011819383,22.630569179351745,68.28823891849919,MOP
96.75082099568293,7.662770564989949,10.37835410565675,6.546965966775055,22.49425053134119,72.14100849279112,Urea
10.827986679251264,37.06304218932776,12.45349109681321,6.583943421062965,27.886937367707,63.89181791162373,14-35-14
12.190459051842454,25.9424343124635,31.328092805937942,6.2140756032986495,26.63671165362648,73.42074348311895,10-26-26
12.325720972102502,24.298807571815136,20.623662701225694,5.893396066449737,25.95077930700255,51.28564533710626,10-26-26
14.963662472012363,36.93685697833779,13.342438908169608,7.156368305618733,26.065982531337717,56.87844454339522,14-35-14
22.281887562036033,19.954913162061985,6.88402396427736,6.434827338603746,24.46402033239107,76.38204635348399,20-20
12.994158789689791,33.893929417088536,25.44290274459925,6.385346000303631,23.60973896940027,52.28955183316585,10-26-26
24.17313575462243,16.368186309189614,9.502373538208024,6.446005772957956,23.851329288386196,70.83801894756716,20-20
27.458916717528165,69.28899545638245,16.131222957228996,6.6587833667107175,25.384148467767787,65.47586954695959,DAP
89.98672035436743,9.78849927286281,4.4241888363920445,7.487668007996647,34.160890095299195,51.182804341055174,Urea
108.22300690062754,18.504966348313317,3.6115069025466706,7.067945230552629,33.73232446382063,51.01837935757396,Urea
23.9484053449368,51.89396029490203,18.487923907530607,6.971058245165368,29.16399733670151,54.226426499723914,DAP
23.620426509893136,23.4454939853507,3.1910047324325563,6.828915474150677,22.370076347154928,71.92539756964106,20-20
4.6001767457540605,2.411337715545576,43.078128065168364,7.04443316381721,25.098124456520992,64.49533543057522,MOP
1.3071268159788474,6.305806756612206,61.57965169501349,7.1860847472584455,24.781287543981048,62.517827528740185,MOP
33.28966622354281,29.23794782273457,2.329594747536338,6.524400781556538,28.700988739009297,50.42538821700774,28-28
17.49403345368399,10.57874268054424,77.56270794051585,7.198174853660499,34.96901165800006,57.0142363090342,MOP
22.67188288931127,19.01930913609242,4.798756203039089,6.62750546321837,30.736771141863386,79.6816693839859,20-20
22.68273413864518,19.17766782167334,4.213570022770702,6.737582301588891,24.387771457683023,62.209482262627894,20-20
25.319332364611647,24.308584874811224,2.963081204559901,6.7336077510499095,20.42093189636362,50.35747869466827,28-28
24.877223897360317,19.277731337358624,3.8432664715968166,6.67964728269307,24.182538878650643,78.9992236790045,20-20
17.86345014415552,26.78822004624519,14.175807757849284,7.318677461343247,34.4473202229141,66.68503778124675,14-35-14
11.134113892107077,23.340678921841505,39.82337252273953,5.847507552075165,29.427317741351256,66.2411662248092,10-26-26
21.07736794878859,20.126885110165084,2.3066981171775867,6.176528032005509,24.204862090701752,63.72876524288509,20-20
25.591689471335066,54.005010366669204,1.1568535312679273,6.969102630140811,28.256788274451385,67.83256849585639,DAP
119.7963129058574,3.477904984389746,7.924840378053175,7.258238475704092,30.440309270806885,54.61687719019565,Urea
112.6333249996247,4.488811436733213,4.476352296452461,7.0369744228934135,28.894099022625547,67.40258623513434,Urea
1.8297367479550974,17.54921725260761,50.624001703548245,6.194272381924206,33.331221198034655,69.11302996459507,MOP
23.621276172654504,23.09516074724878,6.552419806390217,6.5508573706091395,22.8698675991141,68.16906426141398,20-20
13.72688517012314,30.195075675206525,17.23420113688585,6.7438136026181565,25.81046215907648,60.50458004874528,14-35-14
30.24888145489394,21.141962892354503,8.512069140487688,6.995146527013974,24.80586577326648,61.84815569319035,28-28
23.24680965925149,18.47809207902193,6.780161525590636,6.565731963995791,24.670282701694212,77.57259972710315,20-20
17.974260216069283,38.16903669316851,18.505817290942417,7.300941301439703,32.08362976715035,75.9253332090918,14-35-14
13.949429233385672,13.602815435206008,64.74445512860737,7.129074959336462,22.379076579396106,67.61741518397857,MOP
23.718435277452322,15.292472830345591,8.258167505647627,6.128869867473445,25.35118854259142,74.87016512583216,20-20
3.215197920966164,16.359340482381242,73.28536711830968,6.761201600641254,20.095788075752505,55.74076266349826,MOP
11.169269183757422,39.62372356054847,32.63627054033337,5.889705371596239,26.340057030996114,63.49963449289639,10-26-26
12.798453951511437,22.139612776539167,35.22055805004056,6.311899868014166,29.629920038589944,58.54680415096715,10-26-26
16.326218931339483,43.64056211020035,11.025097279906792,7.405842730854676,31.878857223008133,56.6959264776293,14-35-14
16.019271338936324,68.32688354581126,1.347012029375434,6.582170460176274,20.18824585429435,58.62746553302431,DAP
15.457420338125129,23.715368061523762,9.734889691773969,6.968877855285691,29.49651831742925,62.60172480261264,20-20
17.582631959290225,25.49173832917603,10.221235515289973,6.4854153287243115,29.88643190404666,74.26018544519482,14-35-14
30.249430649097576,26.688540595651226,2.736266662816659,7.497124500157711,24.26181302235973,59.02774048659351,28-28
13.272476423833384,71.79238194999718,13.873644515629772,6.220769612788761,16.23571568423764,60.41497906224139,DAP
106.1804485712454,5.465190539964187,19.017271245008207,6.6510578917809005,26.48502201563903,78.30847760502797,Urea
26.295909753891834,29.57788921496128,3.9759439796279428,6.77421520234867,29.83977647959828,58.18668012630086,28-28
27.88198407358269,49.198184235643446,4.262094080501666,6.0311340828845115,24.775002380638277,51.05579031171283,DAP
114.57432999358548,9.464198133831143,19.363868558294435,6.685525515703121,33.02934751933416,73.29790558375225,Urea
31.563827669660782,32.671748421753314,7.610239909429989,7.126220321631416,21.312448776823874,50.65052358982504,28-28
18.416956956313737,12.333006290414762,71.86149163904705,6.722283527268825,21.759622834435916,52.50371584405101,MOP
23.711305744579427,57.21223579597851,4.010494534006734,6.491594546741437,15.96313405612701,57.45914205743196,DAP
90.75973617740391,15.951182012743763,6.207239178471475,6.955220149081801,20.17430809862151,52.17340663383676,Urea
17.849871128133696,59.19755338868494,12.000410962386074,6.291662578709303,25.424728291898138,65.80367191567613,DAP
12.798509888933499,20.792376506967145,29.610138945156578,5.657395267627262,22.420450158625275,74.66656483167867,10-26-26
11.424955429015132,34.97776306902712,16.18155734318119,7.053697455816156,30.59648683486914,55.24427118547959,14-35-14
6.529226164879837,10.354232867694229,43.514659965793335,6.5259403968137715,20.498046631870498,51.571569943100414,MOP
25.95384914302394,21.990736310645904,5.675408482615581,7.189464969137266,28.005866991090826,54.0030048848962,28-28
3.349651645181395,2.091356806688005,65.45720998174546,7.059713589730352,20.47379217238463,68.7242449248738,MOP
82.0788513460589,10.82592670602141,14.181210389018329,7.370969123746086,30.71130398198642,74.05184249209375,Urea
16.78900385085612,72.5930045498605,1.6022969276935028,6.894816656060527,23.213885642306046,64.51893309887481,DAP
98.092731380732,12.871553903930499,10.528053218722263,7.231589521755332,21.224449730458844,51.81056251971691,Urea
89.88412936040586,3.190893602263767,17.435671331844034,6.719213987358044,34.637978837286965,60.10687375313321,Urea
11.821179156886993,40.79397014284958,16.58707775500876,6.747293574679708,30.553635509376313,72.9800444568066,14-35-14
12.284547413312987,44.92667832113484,19.74793162146783,6.975488529520406,26.99542450929145,72.00570606078229,14-35-14
11.443968179583518,41.22610008823224,5.153657770224274,6.462622956739317,28.024087581125706,61.81507209298924,DAP
12.42706521199981,28.50986668896151,26.91869985093926,6.056558144476904,29.876495637360577,51.00272978531206,10-26-26
13.670314961224486,31.57350817144787,28.77230838379181,6.587886490622704,24.866689414247027,71.83558095204151,10-26-26
14.007018640112586,28.434418537469107,25.536555944701032,6.388525492890043,29.12363345616691,55.26655472514167,10-26-26
21.229665835634826,21.315602200925206,7.33113022415281,6.13156768512726,29.158249646820884,78.18065041331282,20-20
6.79683108870242,24.750866498477553,39.42790188083279,5.771465429064235,28.543850933695794,62.30694641120087,10-26-26
23.708466116047656,33.06124851908767,4.453052550026655,7.01481735392969,23.592333693997656,61.859017028698545,28-28
13.270477451700454,55.64326146607043,19.38824644670575,6.258133432701127,24.851049968119383,49.75570192674085,DAP
31.602096885299012,21.963104910775247,9.698210450785448,6.953789541383639,22.36050463346464,51.469934946600254,28-28
22.54636857631311,27.796609228340266,3.3700317643128628,7.32888336588261,24.308875236618057,54.9742854517526,28-28
104.6857994641612,14.135544337708916,3.340838158018997,6.667619216288317,20.550071404003145,72.09206045196922,Urea
11.638045276218051,29.492617514996276,36.883408979383944,6.7085052294250795,25.85354364396752,71.70678201283147,10-26-26
12.058412100367683,27.23839238795456,12.697496115169896,6.0856302841339724,30.31169528001032,78.41514230737404,14-35-14
10.786870813370193,44.88439656040107,9.043980565668706,6.933875017527905,19.742341574651256,55.217044260651775,DAP
5.415728590503921,22.966864019241775,39.73260245917694,6.947678044654069,20.049399809344095,73.79529463558097,10-26-26
29.586799067232505,33.01877441780033,4.547398556338591,7.0155960285792505,24.8884658025692,63.337285150922085,28-28
12.793025095126257,41.19894359490712,6.158598831823818,6.704680762736647,18.027801781844225,60.202972999747516,DAP
19.699120461072702,26.878014315788366,16.726021182251262,6.665625328956857,33.68142254377506,59.42874473618465,14-35-14
21.926259522261645,23.381152896481105,9.446142194740233,6.683248028289646,26.971747640084274,72.35694480402428,20-20
27.378099689574363,62.82438986555319,0.6077411939367372,6.930948695506978,25.342901265473415,60.29540157331739,DAP
14.313503047954343,66.35541880930629,7.87728811308317,6.651232977041492,16.59889545461986,59.735359138091084,DAP
19.994137257706665,25.96424077721112,19.771741842213174,6.610361941084306,33.70753450337259,74.55963710145684,14-35-14
11.340325219733355,14.76898418502653,75.14062245205392,6.606210482476549,24.90549742344858,63.351867711271694,MOP
32.11768912911888,31.434277021649237,7.978136488586345,6.935583314812933,28.178342161750216,52.40418110741217,28-28
101.77956391843398,0.11517320996243141,6.4917165980054055,6.866461534871398,25.94259037413883,70.86401620069586,Urea
7.771162025406914,8.973872452450614,49.5017652349731,6.55987768744401,23.409044408947274,51.46391847536887,MOP
11.03448593381378,33.36425597110033,32.38980692019229,6.195241065700858,23.797857801792297,71.58334123929563,10-26-26
100.76327140544872,9.58363755259462,0.5128413161287138,6.841247827626156,25.702934281787854,61.964683426907015,Urea
10.801723692273324,30.67205093453757,32.15810185586889,6.6473248923131925,28.129857387160936,67.95307690566236,10-26-26
14.555236959549347,20.364651653527233,23.915559713670923,5.511344312467213,26.47474714154603,72.45076372374967,10-26-26
14.869645931525985,77.08138179185227,1.205347805791217,6.934436026805514,20.274340308594518,43.0426248534765,DAP
14.858717591863257,30.13553135441016,12.848729019619228,6.46093494738943,33.030258978326636,68.47903191688137,14-35-14
24.669615487340053,29.155006749663777,7.161506742231936,6.772624000733534,24.135491015253514,52.437721866738954,28-28
16.811493495346802,21.811178539649827,1.8143834769562694,6.52516338366706,29.090462617224325,62.13753846189488,20-20
15.673122196289036,30.131255674027276,19.6292687523758,6.725318470079888,33.05992549775158,68.75566355390654,14-35-14
15.434125328548191,21.33151375594022,9.51403342206657,6.601611820146331,30.1918885942679,77.68412926696816,20-20
7.280797719489325,24.240896798164535,32.21961977701984,6.116542704710057,28.398613028667203,72.50057808495028,10-26-26
13.534213793027181,29.73741117948964,17.80525515243862,6.412209053322204,33.226143185136785,65.59345634121907,14-35-14
30.013248489372057,21.433029707520024,6.23859324676573,6.951767678737229,25.86608463175474,53.36028415489727,28-28
31.053106174162732,32.941956163148426,2.1673980009077565,6.5957145555201615,20.236385860463365,62.83943000886532,28-28
104.28376144355123,10.9339482542814,4.638941922319509,6.890905995905515,28.917145027792596,64.90300576577508,Urea
29.755710404297744,45.45759010226932,13.902891080951875,6.404318768104292,21.42299422388422,61.52793296974529,DAP
21.924361513243696,24.912559937021882,1.2839428945412523,6.104109649384166,29.24338817128741,71.56773834012819,20-20
17.74160666559806,15.794193689889866,0.8565824959643054,6.894190874664118,23.918673247187428,66.46743124231041,20-20
4.53312804453976,7.099926116638747,42.77695370984374,6.778589686362405,21.014188453883225,66.00713015644723,MOP
17.33712081910433,20.400119146045107,8.800790875614583,6.650877369047194,27.329577865513354,66.48667506230751,20-20
6.660038261163958,13.389739103963802,79.7655744488467,6.992758784774068,28.366751260550373,64.61301020478493,MOP
9.65205612283718,21.202846852015703,31.245936317558197,6.93643792675807,21.753029423576596,67.25012227051664,10-26-26
7.009336886590565,30.716553689461627,21.93352899293439,6.175556404387278,27.56163328895246,58.689288105974555,10-26-26
13.29823448974436,15.908999215794584,77.08711277917811,6.3519631227831805,25.98973873713962,53.04832026660835,MOP
19.849670043167503,18.540019358485907,61.59828521122238,7.263049941564632,27.814369659080633,62.471713760055195,MOP
5.891244321160166,35.10540840993616,22.554269672704695,6.739101445378792,27.82028087670386,67.7186174435744,10-26-26
20.54240570787143,24.54692533917993,2.631125699108429,6.860136407471519,20.876427467638386,68.73915646062126,28-28
11.076044814247526,6.1104862131604705,55.879260682971335,6.670803810757254,29.00891500040926,60.313588553929954,MOP
18.387839464288348,9.939269658116604,79.6863205929325,7.277137436617643,23.127657715360037,68.61190429287832,MOP
11.16366397885476,41.34899416982383,13.8062329347658,7.316961480667604,33.6805669010745,75.14813500294053,14-35-14
25.800608726141228,52.18716556392163,1.6183856610250436,6.402980178765161,17.60286772479763,60.848532667073854,DAP
16.92199453075571,79.0244080343966,12.81944154690664,6.822480563634361,16.987870091127725,65.86043446817868,DAP
116.91028762053577,9.741238376378718,12.125058755019548,7.264809800902995,22.622579408906187,65.07698229390327,Urea
7.973260555446262,2.9274798432449822,54.701376891661255,6.102258464078241,20.387178604242305,52.70332578309645,MOP
24.63115111589174,20.49529535895017,9.6582216115322,6.432497878330132,25.118161330852594,70.12283725680489,20-20
97.58046754531641,2.1132936852348783,12.816526293804124,6.7160381825096,29.293819323467446,69.5060327719446,Urea
16.52024853128648,15.613496271106682,7.807615860684399,6.4598004237693205,22.58163795505476,79.89732634339535,20-20
1.1556112199273327,13.900704577171064,79.34715701053653,6.358770156323889,22.133740530307943,52.42769878844858,MOP
8.032751475675955,22.020916220212932,33.84322683388264,5.593437697195094,25.094221281497898,74.91742134632442,10-26-26
26.279405390120377,64.60877752924043,6.125072415732234,6.623895836291639,22.905621958674775,52.78250151671114,DAP
11.307103767401994,42.732084304809334,14.497846488213225,6.291933767731147,28.677593508772897,65.35324381322317,14-35-14
13.275378955668742,34.67228761122804,35.386097872826795,5.5165468966429705,24.161539981797617,62.03360379088309,10-26-26
15.191922768230567,17.59813208745034,7.60289823122135,6.137109705728999,27.353101314525915,64.30403744034476,20-20
10.121207746438932,29.82402915199083,19.758737549100537,7.202305667824485,34.59576644321034,67.19635109815906,14-35-14
16.097361986775034,20.47959488973693,4.543773345599609,6.844357082739616,22.980825807842447,69.76482274043556,20-20
3.000973293879685,6.493518537801199,69.49428309551199,6.71402719405315,25.63832427718654,57.8895255714007,MOP
26.8917015260898,31.775248157555854,8.920846889402345,7.455334686503928,27.86903386255295,56.308137914960255,28-28
16.881347060865423,33.75206248110784,12.54670622046051,7.261307369138883,25.38426348962325,77.54404980338559,14-35-14
9.229549292494683,12.744029536165609,66.37415688823131,7.3426766110598045,29.55004523250811,62.27867169520124,MOP
15.6665204056069,20.184080219452042,1.5016900081704165,6.737433768721486,27.122219208126744,73.60455558416706,20-20
81.66691602409537,1.6958403209160644,14.326467761253646,6.572084335998674,21.06885091647888,50.36325425704662,Urea
14.5650139829948,34.75016718918014,27.065028170041284,5.944803371931483,23.497032297458496,69.36633827952954,10-26-26
106.45482444281657,3.7039113573493587,3.482186706681687,6.598395649713398,29.90454079552007,72.93117986665209,Urea
12.65046428325004,25.418899220618258,10.821716674764273,7.451790052267546,27.954447774774202,74.23057869595334,14-35-14
21.24663568854264,18.81939639652896,2.0568726219555513,6.121386418159407,28.150129680388666,75.49267561275576,20-20
105.75617014164523,10.606042664983166,0.8390244686327253,7.468488777594384,31.980712874818618,58.784661101028945,Urea
24.799703293588507,21.018815896363222,5.824226582072464,6.748073179429532,30.117697880901375,73.12957214663005,20-20
2.5619149273240005,6.765350119889968,77.12334561304199,6.336923417765778,25.5825053575627,58.64153765888392,MOP
8.788099793889044,12.25879164989051,77.72303350978831,6.361039067748758,21.82252064451377,53.94940979719875,MOP
27.73849800418539,65.83243250620825,5.718135784783202,6.815946938968617,27.92054994545154,65.39543016070834,DAP
18.37853067279109,5.044820403467232,70.20167714985114,6.69080924591121,32.62997829335092,64.56981354323227,MOP
17.764474464997246,38.12323675362143,11.774287694697069,6.817540378345408,34.84669739524508,78.43470166242797,14-35-14
0.8634747159402334,3.2962963145887425,45.26915093818248,7.088969864977943,32.266779947854175,54.27022732621344,MOP
10.11705385903658,16.814060560224,69.31206179065002,6.813355808237772,28.855215356881594,60.167210938325596,MOP
7.9754845131882055,31.300439857180322,33.777706041001814,6.809984373791211,26.36291353979248,69.02803842607895,10-26-26
86.40286539818293,9.231149488395797,0.18663239654186592,6.746678864521623,30.896925726695073,79.7542985404809,Urea
21.48767149380824,26.022414737919323,8.000709686991595,6.704035634628899,25.550849493022863,64.6614259205935,28-28
104.63941801040716,3.7604946923083227,7.107691373714788,7.283791784485397,28.31339771198025,50.15688840628738,Urea
12.609907600280938,20.70622709880478,34.914675654624645,5.803720840247856,29.580734801193802,59.198518782552114,10-26-26
16.538632326761583,45.95552201329779,6.112084309804297,6.8766507618282,29.945015064408707,51.04928591520545,DAP
8.97221261909085,14.441418764054742,75.44783121860297,6.889566501280176,25.87288547266744,58.25243681697248,MOP
23.912362929936137,40.12873054417115,12.391786749196815,6.355493010441357,26.91295996915626,42.789719194693966,DAP
21.76404533896781,59.23891559544495,12.846510518104548,6.064853594482968,23.69975681142197,56.84453763878571,DAP
15.606600944161709,37.06975333192909,16.764679372263622,7.207483499521155,27.698207201282145,75.62623525450155,14-35-14
27.473835233951803,21.155874187014966,0.585509292439792,6.834238318696061,27.848969771114675,64.15361869481832,28-28
22.886149646724064,20.172690564416094,4.401989979554905,6.147452526706284,25.281927536093114,68.6803873234775,20-20
5.886004296796172,24.412239054224223,31.964505881274775,6.603494671358785,29.983475113929497,73.32783328358894,10-26-26
21.425651995351913,19.21248053294072,6.361773647082327,6.785651618080232,23.183361909233874,68.19809779392577,20-20
18.39802285635617,32.67665903866088,15.718722712271866,6.881654041293297,26.844762531336393,64.0558860413072,14-35-14
8.345112887419322,20.523934170641297,20.483835277827104,6.7475455655136605,22.730708099728126,62.95196915597039,10-26-26
91.94902294355091,18.81358490230681,5.185935177315475,6.929656812738935,33.09095375726903,75.25800700375426,Urea
11.861014178462773,41.052866195914206,14.581868867378926,6.724453308128033,26.33479972415944,57.01503784392811,14-35-14
22.27939306973765,19.964611523552996,4.3685070261517955,6.729508228652397,29.6551289899111,63.17816335338707,20-20
12.204502989552825,2.7070816455537106,70.05500344116183,6.985432734400709,34.34921931625187,51.379160327128425,MOP
1.1410944230250863,5.6437414938640025,50.46822734943624,6.370468198608,33.59381870781555,54.99092399699012,MOP
5.43899452257262,15.187965248359275,57.9895936980216,7.165065835432772,20.98049236346578,59.75142387346769,MOP
10.336136001832827,26.25306406910709,19.06437453344411,6.208868056676392,30.32420682275217,65.27739006501767,14-35-14
25.21014989388264,33.497500185309086,0.218233967754895,7.163789686175589,29.633944342135504,61.203363669236836,28-28
24.36822462033092,15.522578792860237,4.187933190741614,6.260157790962051,29.308209649807296,79.62594180994493,20-20
23.847950936663718,29.812619022111114,1.9809763275974013,7.0653302545716095,24.639324866883364,69.44010659263074,28-28
11.085272726964666,26.990127441736377,22.281915697758667,5.726870243102402,22.25316929951235,56.27416653350745,10-26-26
13.506160578411379,31.224455765650497,30.467818227487328,5.672153307803827,28.60139693349435,68.07035758021209,10-26-26
11.353367238000033,68.31340388919074,10.870764346852921,6.081725345746778,21.874509622929846,54.54088861390141,DAP
6.6577454016327575,38.913962940005646,36.99950742961324,6.503533505993662,24.622955610006073,60.29413853961271,10-26-26
23.019469343019082,61.81727477627622,1.2454621176377123,6.512502648770331,27.096054258492593,53.77719632790874,DAP
10.519565775542684,40.72556398768066,12.013637821359744,6.387931252332058,26.64706353432296,63.25537662178744,14-35-14
22.56751505688635,20.193858595039373,2.048812741507126,6.877830078152041,30.795818549515293,77.41156850092014,20-20
12.387962113815393,34.02478688361976,19.84989656140875,7.158018714464985,25.271674212255597,56.630114781512304,14-35-14
14.639313768123328,43.1844041172312,15.387017979527142,6.746718762051435,26.054736999566305,71.41950261810734,14-35-14
18.221031606002256,32.60840015015125,17.756118509253277,7.446714980851217,27.03766459127689,68.08324077986853,14-35-14
15.742759161691511,71.71417676135357,11.55186731762315,6.634582417550304,26.96871239423841,51.879114179873646,DAP
24.150900684070432,20.3302886724614,1.57954822835348,6.695899118168803,29.932613504382545,66.33523354135053,20-20
13.57179256998753,38.122865095315326,25.538089747556178,6.975282209072833,21.407115280487584,55.05039171006225,10-26-26
87.36899356952105,17.87979420015741,13.085851046499236,6.652104283222273,26.604851275525235,68.45894075209407,Urea
11.669281699787666,75.29665473629355,16.072070708830704,6.505206773576639,29.506899228887555,52.53282937825299,DAP
34.761654785547464,30.018799982054404,6.346712732539414,6.665954895295785,28.81927758304644,58.54979375841231,28-28
86.48933623129918,0.2521503995151808,11.19511367276765,7.027399622122676,30.790304335537378,76.70774159053406,Urea
83.17626338572119,14.629929806807247,3.7482388819516443,7.3581770531571635,32.28595270792484,66.22381264956633,Urea
30.653641979349672,24.715251697756226,4.7116789893281465,7.321636897710472,24.59265197173214,57.15596530650883,28-28
9.942124472503,36.56498504874437,26.704160947417456,5.760642389703616,27.120140203307805,70.64945531770205,10-26-26
6.006374785235334,24.797482255118894,22.839439795219878,6.02191211737325,24.503509789054128,68.72065842408266,10-26-26
13.022951697633482,12.418571349568623,54.09499786438617,7.26217132962714,27.069307510972468,69.5820987603031,MOP
22.682842765914735,45.05058966258011,13.523551241508681,6.325104015431699,25.29490795029146,42.089234444872176,DAP
22.62322155763939,32.836058883586794,2.271795570235149,7.33704112524294,22.792760884544105,62.857638201174154,28-28
23.88301147019662,60.50619012580212,6.106213533934626,6.212644376371096,15.497840318436394,49.11839203722171,DAP
16.53162790531283,43.766096368969656,18.71204482263052,7.149097164802954,32.884473432532985,71.62462258689987,14-35-14
7.60286857566003,38.143900614116596,33.41464623811668,6.34066094647066,21.109894692134812,61.17638859516063,10-26-26
9.603582712019263,37.2912721904534,30.93296440375577,6.070600823455615,29.768003285106595,52.76801483315789,10-26-26
96.90193713247778,0.8404935034281058,14.798082415338607,7.4180765521991505,24.200559943257343,75.75025030397363,Urea
91.68872921847591,18.215403232878305,15.079238071935679,7.304906776841438,20.270098334006818,78.88431071222078,Urea
22.26670992070323,18.047510953861334,8.29394664858847,6.28152119841493,30.727538395661277,62.25160780823874,20-20
30.555289661911935,28.110477149673656,0.9653447019544081,6.7418938282588385,20.124040362773147,59.37535930929012,28-28
13.012652607600003,36.96714968595518,12.972378077086173,6.449878667260477,32.431931987316034,56.20357089945884,14-35-14
18.057899903839743,17.04527748782363,66.71218732905626,6.889832355161077,33.384537472094785,53.70660359057429,MOP
15.789691621908286,17.39510169909538,7.945782787001903,6.034670266726483,27.828068350834897,79.9087503238262,20-20
114.22784375350157,10.428913780871788,1.2728181857328469,7.33137351438571,28.984677622658158,53.447989911787005,Urea
1.877145696467124,18.19253638873185,66.76801051752314,7.243930198975133,33.18468350423401,61.435447040966444,MOP
20.348927035100825,57.21709641283961,6.338931755822386,6.4345959608587115,26.608194835952347,58.05770293045394,DAP
27.850465799096924,57.73520057516751,12.14179157437508,6.631307553091989,23.875457434594885,61.07901319256549,DAP
12.374334683748064,35.247275550915816,11.042248028083478,6.576766991467219,29.876670686212645,71.30560648863681,14-35-14
14.505310525862035,32.01302133096712,34.87187832353119,6.259399089242804,26.341040313763315,51.77330540334434,10-26-26
15.08783161683694,54.47412372820555,9.449867100130271,6.045648745502383,17.100361463299766,48.30442923373917,DAP
24.715326909010507,18.31347007103051,4.820410581120825,6.196097712738393,28.107800710757683,65.61366431031948,20-20
23.1048886765764,27.748589426689687,0.05505799160420821,6.507664032649226,22.19068809101858,50.734427250016424,28-28
16.080257541306914,18.388606493387517,8.025856795798129,6.572048643369301,27.126677259564165,65.86977646416243,20-20
19.317537194328164,32.94030082474383,10.870927667957716,6.9255997741767015,26.138383934766015,63.6305785700423,14-35-14
15.074119387178088,42.48445049370352,14.935465803401186,7.053388149047496,34.9281683899907,58.28722799744954,14-35-14
7.747315255195195,27.891521511952927,28.436563570776627,6.116531612898319,29.076110025565548,67.8508161116714,10-26-26
22.158104281814076,52.374908714511285,16.475807684425895,6.955060511484989,27.3179742382534,40.046953155744184,DAP
21.364013701834068,15.511353814421007,2.5760722033372185,6.0595247003477715,28.037954529493877,73.73179826985213,20-20
12.289752761318102,55.35355532179918,9.124730179110841,6.369053021760917,16.815375007277897,52.56843370562426,DAP
22.51178047808418,15.710076645332554,0.8018001408190345,6.354771291835984,31.41725711618925,73.37145293445828,20-20
23.573399133451296,54.4767996335146,11.873215824170769,6.010131184027744,24.541440696143134,67.3986084272871,DAP
21.125734683448194,23.73698593466345,7.239730554660938,6.12055841640369,31.024533072858418,61.3288768871155,20-20
101.35869890191054,2.8427424758691533,0.2341322146180813,6.922034260127639,24.425610614812342,64.58001481392809,Urea
10.77199886734551,20.874781446178947,22.460065902474913,6.337963594675638,23.43167353172658,68.2293371887362,10-26-26
106.09166594367758,16.912087259798135,13.849856533384505,6.929931077390148,30.09449933591649,58.26143522766256,Urea
8.063134987782128,35.779703198415866,28.928390328031643,6.6975705107775285,28.224223736682784,71.4390584415321,10-26-26
116.66540943364829,8.619704410265925,6.377336366422776,7.082198746594114,25.567586351564415,68.03222500400699,Urea
22.055858626438244,21.88405018492137,3.7455288702012135,6.166860201698753,26.305293384622075,62.851882881638176,20-20
17.801940703676166,6.917549214757148,46.178389888932955,6.038171639858627,29.68733579429726,62.738046349094866,MOP
16.812083331625836,42.86847555390604,8.192577897904641,6.311217495063394,25.15680959602514,58.17337748358071,DAP
94.5837491279016,4.357851085099802,19.760719323111836,6.954001621196115,30.324113536703557,54.21658902735082,Urea
99.4235879863759,0.5507343973893097,10.109102358208998,7.464017407117702,25.763100694787003,51.169880377247345,Urea
20.46433686379015,25.819801399203044,1.6002493646319405,6.5233520963281855,27.562136139501767,59.170460177637814,28-28
15.784895439453091,76.00332732065922,2.322779204010512,6.955918828955319,19.70950076066029,66.65211016926044,DAP
12.05885752958923,16.53414719482975,79.36052652841857,6.432608156728119,34.41703228111389,57.789637898048404,MOP
13.855119047369223,31.807742085090112,15.41407607347585,6.23121756476773,30.537114853580114,68.5426203102501,14-35-14
15.2380362520974,16.67299923875171,57.61765401249696,6.453499874027241,23.890023459756417,53.892476734097436,MOP
10.576475821990249,31.848959576694266,12.702476921307833,7.449626078799611,30.57708826250044,63.68192597576269,14-35-14
15.80467600993696,27.78393402691391,14.44043749202203,6.939351482131595,29.888978317924515,65.0444700163581,14-35-14
29.876967777993965,75.21259048595708,12.468119163188803,6.5693773611822825,24.30990719736876,46.039363234673,DAP
95.80550973057274,0.7891906578179864,9.510920749736533,7.0430245839576635,23.416246041548142,78.92086541496542,Urea
24.09454610937242,22.22143235455906,5.333866287653626,6.869969159647685,23.306523438234628,75.8101958854977,20-20
84.99283255867394,15.884213250988108,5.515351365027139,7.377090581018189,34.16063140738097,54.46387908215347,Urea
9.626756050653935,39.6197475632537,29.668148719462934,6.795321283771818,25.887315221313198,59.38324769799004,10-26-26
91.43134222103481,4.064461821721745,15.235963827553945,6.886540506823028,27.66913193301127,64.76976440003546,Urea
20.77279029233131,23.655771456245525,9.807393435834294,6.407584208573817,30.27518922106303,75.29055589309435,20-20
15.735289514555733,44.12094287223866,12.004745155284027,6.163896315464432,33.53961966955422,65.9787454158437,14-35-14
23.469688542070607,23.93090205195415,0.6245759361907144,6.883464762986061,26.48319055369422,70.20864978008464,20-20
11.265925110932102,38.52765213460174,20.382321888595282,6.215265202476726,26.877220424305605,68.06767394245571,10-26-26
16.92532431537108,27.688702588162435,12.993955883716811,6.538073288125521,33.04437207679505,61.96899681036383,14-35-14
4.214099277344063,19.148960380761924,40.354531404538754,7.496731283522967,30.152319482860932,66.56938598898233,MOP
12.946193963461932,25.2863055533412,17.3786951856153,7.251216895501013,32.40476131953519,58.57125718252097,14-35-14
15.06855844513938,15.378455642152819,66.3416206268022,7.1491738991933795,32.68882159516598,62.27208228474917,MOP
15.88604713969679,19.87627809667211,0.7764933467160506,6.40754303103243,26.071064891256277,61.32019688280483,20-20
16.976410679389588,44.439923951652595,16.164704200184442,6.947688025964471,16.08474712886908,68.65345621875105,DAP
10.225765993367451,25.991313559077476,21.53724150552327,6.250936402105626,27.945155444907485,67.67716193166746,10-26-26
11.004520229279475,42.91607341471614,8.057465652652741,6.2952904940479435,18.485764845840716,48.43013496726141,DAP
18.034827432968846,43.58456107263708,14.051026945275664,7.359166503198746,28.21495701247882,66.9109246585948,14-35-14
4.520579956319994,12.809520843516879,79.15924460699236,6.905239644065068,25.367211261703233,62.956348919810566,MOP
2.4584135693077513,17.773181605307972,60.123358031193455,6.674024613059463,28.78797182680279,62.49567725578805,MOP
15.71775806226513,21.826172212234024,2.419316803155296,6.71395263250659,30.225347943841967,76.0791701510504,20-20
28.28751451111834,27.802548384661268,1.4287596133941172,7.275346150403136,22.714093804467144,59.933908456358935,28-28
17.842740929275166,16.33828362999693,6.2955769689173655,6.054332034822904,29.486452341262,66.35173590522233,20-20
80.00538772017941,10.222582784744596,0.9370381705520625,6.776169557820899,30.60464731183574,51.880688648655976,Urea
32.59007738534004,20.057298839878747,2.4682386920190225,7.240904056152072,23.162701497293067,52.03784776132027,28-28
94.40935675201712,5.407865727690511,16.854238043211097,6.813347917585143,31.833987076640106,76.75616434432204,Urea
97.35269678306118,18.19886287708784,7.546361079263857,7.464078416490108,21.339342867883595,70.61057799509729,Urea
9.938140404569287,27.752976109112943,32.654237574972015,6.555785637451496,20.043632696503092,54.17382721867997,10-26-26
17.130460506343187,38.32770827156413,19.660475051286774,7.141556685376175,34.507727077313376,72.56351253837018,14-35-14
5.9610441727888634,2.1072984450171295,71.27295453379742,6.966223832213874,20.722790185899445,57.201009318019565,MOP
118.27199261937145,10.008022914204025,8.654582720394092,6.957699605159294,23.133240860077457,61.06121512594386,Urea
13.698132559871766,26.047100403749447,17.675676285179183,6.624756647855818,33.221798868164235,76.25870002799738,14-35-14
4.239881093973161,13.14706964340257,58.89127216651927,7.320235106882228,23.236110187646812,63.556264006200884,MOP
21.077521222527224,17.953014775718326,1.3660090365117261,6.651639760477277,29.385974581323307,66.312546875267,20-20
16.448326040223137,32.90261815223006,17.132068832826178,6.2988229123410795,33.902150026361745,62.18523991163949,14-35-14
8.677859877561529,21.161839041606996,22.230244246425528,6.273792854068493,22.675926767279716,70.88700564355486,10-26-26
15.146933886549538,18.79094048671936,3.3734554676909267,6.019327630917601,23.243683990005103,68.27285349837271,20-20
9.928645844474467,28.085794945097383,30.61875356824188,6.392697512358522,20.099238211278355,61.6023789863376,10-26-26
19.63499240887588,35.380645602590974,16.77542267458953,6.467795786875325,32.739913781527626,74.32303704690287,14-35-14
20.42592095308278,79.04055293116855,2.5110042952530676,6.016947664889581,26.55237317635644,64.21466612094648,DAP
21.803108436808643,23.98374249437909,0.1755236336662891,6.7933086107805645,27.731418739186715,60.359210554251575,28-28
16.961911863365764,54.86957179625321,0.027072514309363083,6.299800527565236,24.696881124568957,69.22583331449071,DAP
113.88243307935598,0.4718992929105825,17.97121209349679,7.283198413298626,31.705641853564707,63.73987277010714,Urea
18.980052929545028,18.029157288331927,0.6569485895436578,6.228235363493699,24.466036349780246,69.68154139420403,20-20
31.21166609895041,27.1071474259692,0.5784444944716061,7.457789800988204,29.427243190941123,65.70379086296816,28-28
29.82655803128441,61.779293312010516,19.255367005064123,6.07560504061675,20.48521122392057,46.761438040202975,DAP
3.9166616826854006,2.8160589778535217,64.89654566263987,7.171982783620957,28.67447599130541,52.93925419176419,MOP
32.16685654900206,29.539320607455927,3.881657061269955,7.174130295536063,22.59904979242833,56.90384416988421,28-28
33.76228764697986,24.357567585071305,4.699882681579366,7.390141137396014,27.077213502675274,51.24406452329406,28-28
22.209545664184557,20.117623861578753,6.309217902291634,6.947673425410418,21.342748509022755,69.15868242113541,28-28
15.296597239456199,29.837865882257784,15.006035711547074,7.019430499102661,25.762392179735645,61.8675953761973,14-35-14
13.069654908839937,29.193297408053226,30.931542840645896,6.149224003314204,20.43899942643005,54.143744495503896,10-26-26
18.910832774837818,48.36741861631711,0.9995805731935747,6.843649664051823,29.71788793746174,63.79428621990218,DAP
27.07569843409334,49.67908521268181,19.212539510263994,6.196925704453428,29.271447155427484,69.84457881897853,DAP
12.117228057460487,39.62287463583644,31.390795591342073,5.889312674764136,24.369958856656208,64.83902338446964,10-26-26
5.73081562027015,32.446865292344924,39.62355673524589,5.785161474675592,27.925951162883834,72.69746984449048,10-26-26
14.437015928202207,39.202712088108946,30.42919277442944,6.965961861987255,27.573102071344387,54.041785905924044,10-26-26
99.0760042587188,14.36662350744008,4.946806316381666,7.140615183548888,29.999007185699288,54.88099231425698,Urea
102.60341249811026,15.432538219572153,9.977913290718838,6.512103116776108,20.13557703618938,60.71088031910037,Urea
117.04776273727128,4.573535592072176,12.687273777433743,6.72207587069332,24.82504984489323,75.44126268804452,Urea
17.288614422699467,26.907985546264214,14.287020209864336,6.043754645467897,29.80890146603009,71.56085029252671,14-35-14
12.370052471963032,51.55539755636663,7.956732510043139,6.91953102465605,29.89882523134446,41.347338969868474,DAP
25.22015846990784,54.86896265609373,7.849163724589601,6.754264973347023,28.776396482181127,68.52785783507645,DAP
103.08490344153283,7.142423186010056,15.750981717175584,6.751001383262301,28.461110432502764,60.757353845746195,Urea
21.566310737078762,17.40398912893507,1.9159294573482577,6.918239086675437,23.01803682949537,70.11915815469864,20-20
7.208527829630089,20.77859926651335,20.72037636582853,5.762832658158741,28.66770354506,57.06196859942567,10-26-26
24.504591705752958,20.816222929891936,4.366141897687661,6.580088834669454,27.16698385226268,75.17552507514651,20-20
5.649921319457045,7.061007832006048,75.76377210133003,7.419684769725608,33.38837341229711,58.38895987914627,MOP
111.21462012027527,9.526714666021975,9.950797042922044,6.704680109057284,28.866954548877747,55.58407693260044,Urea
18.315646990671937,23.550302016199353,2.0707580921085524,6.071158285173433,22.690075926128163,78.81569041006216,20-20
27.60380656942752,26.141181077255276,8.108785810079183,7.335825927910516,23.321910331156047,63.87236114947591,28-28
25.42245631703773,66.18602747463818,3.0319014960019874,6.875883083517057,23.086418291040133,48.47417279110011,DAP
19.25228185437694,15.375710903989074,1.2786680122241756,6.765546750515861,22.00011634755366,68.33131656964585,20-20
20.225101810855882,15.546344200009724,9.730781629723328,6.226125331249672,25.041987196362808,66.07885024510054,20-20
4.608333242346998,0.02947644172622832,69.17379176351986,7.450268249698928,23.364402249275678,63.26094383606845,MOP
24.8379265391743,73.937015163621,8.452583940272183,6.302930905640429,19.879427010345466,61.378639992955385,DAP
32.251691997584544,22.724209516349042,3.7094100815776523,7.40194019674915,28.06693519694739,69.69716805524952,28-28
110.16993038728323,7.863904020558445,11.812756679892756,7.16101425424732,21.17683724475686,66.33490877311596,Urea
12.093208284726096,23.346426080021207,35.61263434851114,6.375659170771168,29.522217856975946,51.060557455172294,10-26-26
15.30652275110934,64.06215517199297,5.9311982441186135,6.714424164071242,26.385079237828965,43.07547892199423,DAP
100.55417856827071,10.177811111821118,7.385615404310821,7.432924862569672,32.41259479809832,70.9162814572891,Urea
22.143266357349976,19.61716143813119,9.209945210965758,6.694595427253286,29.289810616558164,77.23381807574691,20-20
7.7407158934219105,36.14141807733406,23.904812059129842,6.018012928367332,23.356104542698425,74.46313670972852,10-26-26
23.565372237479266,22.011698615902596,7.270567616153901,6.562072794402571,31.47090667108519,69.92517505764724,20-20
13.805177098698945,28.26070673863182,17.86205652261058,7.101665898113387,28.84355038524135,55.629835348980734,14-35-14
26.779946554360215,40.45671933816295,14.073995592581019,6.970257109726057,21.56491992222305,47.04920214987858,DAP
14.097420200867635,16.342562840311704,61.8572126431139,7.45055291288422,20.775030824869418,60.09591196609056,MOP
17.1845394732255,42.252809422983574,11.7925561190779,7.2000052226455225,30.527070757185452,64.91384204974908,14-35-14
11.317150285790936,42.30591517817825,11.572732081797154,6.464681788813649,27.90045531962437,76.78535085477137,14-35-14
11.72702994208898,35.933627943827446,25.00935797584998,6.437311149410498,25.717459831437488,70.82075941970677,10-26-26
33.59130590721891,20.1823515721608,6.740199190587926,6.551835799119729,25.48858665077356,55.75265458087357,28-28
13.067765995221412,32.059170069047134,16.2129244904961,6.501074948503154,32.326990505902806,65.11318463934674,14-35-14
1.3670640061991723,15.675196849682145,51.43033298370824,6.649150319398894,30.281658248328522,56.64912314297424,MOP
1.1317131229343125,7.478420940256272,77.77794330777213,6.962601595947837,30.072187230008105,62.6456430727528,MOP
11.989921389594368,33.3666772820456,17.509397983633182,6.152059346329739,27.778527760897123,61.90797771164634,14-35-14
19.32018927594506,24.80368740942185,0.6750254668382194,6.518700994380595,23.793646820122106,79.41353090819489,20-20
6.133035047274642,28.072020047231824,34.75769969669212,6.556831642041168,24.227286368939325,58.663104198817955,10-26-26
13.976123785528706,30.285525263172786,12.053329387067997,6.724559546338335,27.685337560676075,62.18654162243125,14-35-14
13.13512126949114,19.370746633997843,64.145488022375,6.11546920059745,21.133754207811005,69.02846441691132,MOP
7.972907903073336,21.841339721649508,31.980891743007632,6.435473167435399,26.48504820118688,56.68505069643853,10-26-26
10.15110684214475,44.30030738908944,12.508930456911024,7.014039432078821,32.066298698787094,70.25018542698714,14-35-14
16.258147884272965,50.84385015056263,11.953365654054062,6.866095633611692,29.201005933850933,43.177174132112725,DAP
3.096572251954397,18.89472517566159,69.4614091333917,7.324490737244659,23.039489512030148,61.75171742218804,MOP
22.011395944174737,21.801118854469728,4.081516908666981,6.015394891691308,27.82926056804263,65.06203078359218,20-20
19.005084922857804,78.30324060335269,7.980706352848694,6.839801606664427,17.82810908623877,60.173814940750866,DAP
29.54013908877887,44.07572403491747,0.16639884454384024,6.433582792632614,16.38938224577051,62.45153049028694,DAP
116.58194655394236,8.680419454175176,5.174232843108819,6.93440331900661,30.851717267750015,50.27162484741113,Urea
103.57815957938789,12.265833697747581,12.75376493791871,6.742022079980877,30.710790850671902,52.74174458995329,Urea
16.992703364668007,23.77470046654482,7.387231507265664,6.013745554011345,24.483762603698004,64.28812965986329,20-20
12.708063280369725,29.95119540559773,10.625262957428458,6.688410774895231,32.32733474786165,70.16829311793592,14-35-14
30.093075028971196,21.21723767804359,9.514907101767871,7.338491833843025,28.050903184956628,66.45967610083535,28-28
19.327105081327613,35.88507932227395,12.00282017867626,6.925175411778811,32.42881493667939,73.44793483385064,14-35-14
20.214490241668802,15.68458719333578,3.7111293843012785,6.9207666084633574,27.84448909757426,70.76663886511427,20-20
24.032802715732902,25.526733798748683,8.953460891531693,7.166463047526836,27.87387026752333,59.086908461353104,28-28
22.60494438912316,49.9353443497283,14.109216605669726,6.427601333703337,21.638182722221185,59.47966973730645,DAP
34.0442093220339,20.960095199129313,8.247432373470076,6.792383110412193,24.439194545063778,50.43826657550018,28-28
16.02092155668626,60.10524970520522,1.1235215469487803,6.491095729383165,28.90665943287641,43.16179654323415,DAP
17.644407280755043,33.19342106751985,16.55173714524338,6.390354896977844,26.594922625413584,59.011565356780665,14-35-14
82.81967782572579,3.7129340980248604,13.284387699779366,7.381690611843508,32.21188528386743,70.55402929623452,Urea
2.2086372682220534,5.783748925918997,52.39227501289876,6.374935419596432,27.725084895645846,60.71107629759345,MOP
17.137719503422204,54.15156634945744,16.571111958121627,6.789292848319685,19.616937475211184,67.41365331619778,DAP
118.11260068010024,6.534850840600816,7.088498975861097,7.005634153421958,34.1168121880051,76.28958299426935,Urea
11.025679625835899,32.854614865428324,15.533711897497717,6.75469870882731,26.938630679368927,76.47041927920387,14-35-14
21.769407829968372,23.379083748518035,8.587642793494721,6.74835585366574,26.392106012497173,72.21093510030849,20-20
6.603654061197432,33.472908349498155,23.585065114785614,6.540924385765235,22.295981607539687,52.9387825037555,10-26-26
16.652844901429575,15.019921352190703,7.187396178535303,6.732401049058379,27.149333499132595,63.22725602110767,20-20
5.835543375106898,20.38257932874574,23.314963539304415,6.83628330247472,22.41536841701682,58.85678318043039,10-26-26
2.1069096896266637,4.447226094963406,60.768982831208206,6.911629024643479,23.680284712493165,51.15464318450235,MOP
25.86549303691098,23.513050563895014,2.195539232298019,7.459862802713455,26.163004859257242,61.13756886344191,28-28
26.236626552849827,26.434165001452165,5.4090500383808084,7.1964298070361075,27.021460961818295,53.43387815410899,28-28
20.00225504153254,56.47832380136408,17.410539325387685,6.631418921218376,22.98756099623973,43.46183926536752,DAP
11.056378893234115,22.344078113604667,26.74413151131504,5.714262947221497,26.92073647024369,55.15630284590382,10-26-26
13.91859373188026,42.91349555237557,12.043163833989702,6.7617075959381685,29.19271661166022,55.453101026143244,14-35-14
31.891371703592192,21.035688594718994,4.7425502097695365,7.06067829493895,26.284264566145872,63.77263258615751,28-28
7.53272383522715,20.19957553316899,34.46887324709824,6.303484899021368,28.36117703207249,70.53470907251736,10-26-26
18.433261677878832,34.7018931995908,13.336283958368657,7.187337303887055,29.51294113029255,59.58605491008586,14-35-14
17.099480391229488,17.651197535446947,58.6523902456068,6.1135495909646815,25.81739134875397,66.07075318925206,MOP
18.035480570924573,4.069454849951917,42.67894448101086,7.316025679699258,25.84107408468313,60.835219285351265,MOP
19.680658120507587,26.33129455828446,16.483180074520956,6.1111581338623004,28.754689284665005,75.09536362983617,14-35-14
18.669444655112688,79.88729415611802,11.181185698932044,6.321162152635954,18.301669888571297,50.51561602858486,DAP
94.90133095038203,1.3742735544792195,7.391483988535463,6.964238519739225,30.84106628358207,69.70188454164824,Urea
14.175313104583084,0.16727363753714197,48.706695983221444,6.992526432599785,27.25984052269621,50.10626951336692,MOP
26.089892848636445,70.9123829316135,10.968383259871253,6.066463325776272,26.49772574298877,57.51140763194092,DAP
15.639199543159183,15.034939847916808,72.12008287831348,6.777012099606937,22.104867772902725,63.423149467593774,MOP
29.30710677577956,31.13379780798631,1.698810060507353,6.6949751999002896,28.904095172193287,64.99955596904141,28-28
14.08228488700323,35.174306423278416,31.94310611980604,6.48119910554181,28.8912792394001,64.47016886279852,10-26-26
22.647826486567748,46.25906864014402,9.478424402322055,6.7163971119580985,19.064140474745482,46.067625415736046,DAP
92.55307232897663,4.830012559856669,4.298252740727917,6.924850842868087,33.61757770825301,65.21178940216154,Urea
13.75840761630646,43.078866775234964,13.923122902758504,6.382798764436388,27.32746419878039,59.7853230592231,DAP
12.962414505413685,25.438920788368975,33.84717844922116,5.8960929770405786,29.390684794502917,65.90935703833436,10-26-26
13.245118001753422,30.390237245845455,11.909265850716436,7.041961438340592,27.18715612997927,69.88258164818723,14-35-14
90.5854010770143,13.239378895877373,16.298794570810784,7.278025243144653,31.412769963961725,55.63167217076756,Urea
5.883849469845187,33.978976569747715,27.366944275887025,6.148519339605021,20.31149092793391,56.48941123187623,10-26-26
5.33676403874464,37.583715452024954,24.86793366437061,6.336005754359512,20.389793206611305,66.67118478264145,10-26-26
16.460546915081878,75.91676747830664,17.762363778680715,6.325290618361747,28.51441343535702,69.88473020496336,DAP
18.254156641239483,41.89742695510458,12.4900873610909,6.865053598286634,25.67255913967368,57.372948420541746,14-35-14
19.97785224066581,6.532784988518219,69.92735648195385,7.209997579540225,32.87034906510844,69.95256594804313,MOP
4.829929705137356,0.8070165371939941,56.44766071978344,6.19512100474342,20.336388337430826,57.20853654282972,MOP
25.67476502150473,62.647227649002836,6.255559784207081,6.65434200549272,18.48027270463216,40.43144338216255,DAP
15.287067728728548,12.474861697280183,70.49210498003839,6.0584070250314985,32.556794417459784,62.39052400072607,MOP
21.267907014252803,64.98456192458127,17.288664937367283,6.586936506558907,23.714255698322688,69.72037471197297,DAP
22.56730167068568,19.422938054511352,7.073970000329277,6.389230471691788,24.28875462483499,71.93703753775519,20-20
33.92273147170927,33.93709280023194,3.419052781054903,7.027677466221695,22.11635898569861,69.91262218997767,28-28
19.622358157358715,12.990178594148947,72.17656238709893,7.07265024192555,28.897373285592025,51.06695993977795,MOP
26.821465138289916,30.12179453251116,6.775316138836846,6.873122618422384,29.416919866580308,53.34714064473562,28-28
15.003594462155606,38.81767953101645,16.971358058918092,6.972958435153223,27.7528821345186,58.90516421716555,14-35-14
12.718806536534217,11.986042322788755,47.17424041156964,7.057708718355845,26.827579876004847,63.35521183206306,MOP
113.49468319080603,3.3945685715384633,0.3828973599367336,7.279102586395787,29.145461377289237,70.98918708866366,Urea
23.381549749886425,23.028109348245003,9.609201469288246,6.535935078852118,26.884956326599053,68.0377439978146,20-20
11.536910428442045,36.452144657640446,12.770125243259788,7.381961268319463,30.831908042770976,69.82100451270276,14-35-14
13.549246608770101,26.03978703955415,10.317437653729886,6.635002716229796,25.845653780972377,70.17117388850347,14-35-14
18.809730056396575,42.65829633037444,16.590454101322322,6.316847747209397,33.62996831358872,77.1523358828302,14-35-14
22.94980377429438,31.06139128656016,2.8651954892712297,7.3026403123529295,29.972378999036025,50.60052010658786,28-28
13.973658657909318,32.45261067197316,39.467652383296425,6.197514276289642,28.473879305713737,51.55985171495693,10-26-26
6.705581001565914,1.3403307550241994,79.01372533916282,7.225460860907755,32.788211318689555,68.75930462867788,MOP
10.851034861197853,32.711951850266665,10.710348890440022,6.316189652325043,27.293657770376726,66.72768027618946,14-35-14
24.02843251180464,21.514671602266418,1.674910890941077,6.647275563552091,29.730767979122984,65.18585013836947,28-28
24.67761465269562,19.397404865079086,2.783684816626566,6.798293197209187,25.26253918041147,65.98766747410697,20-20
89.30023968831324,2.593579564484707,5.129261220335319,6.855319748473888,30.109913122185958,51.87694526658355,Urea
23.157604094980144,32.135354604375145,1.4692192358377076,6.842645146522521,28.6465892185814,53.098506222868856,28-28
83.3094734247276,9.690759901600217,6.048390225570728,7.063408364483854,32.05707335725213,54.114454644582295,Urea
28.710486268314277,27.58263140584796,1.4407878601319957,7.123998485528983,22.736404178607717,59.756686370880246,28-28
21.23408486415593,26.893760858204345,3.0646346804282034,7.322381211185355,20.569787269973684,58.3721454983666,28-28
98.33725696525752,14.500121525982374,11.48575150180422,7.167212337194181,31.65573928477634,75.86608920974567,Urea
8.138754967224706,30.760454107278058,36.802161568784,6.984176696447585,28.89519311043763,59.28668156560942,10-26-26
16.951665172186505,19.893925374065887,7.416414518360423,6.492569070753298,26.831808633136685,76.76460842163601,20-20
7.228075581343727,17.195893496232912,56.272192038068944,6.492349658517509,26.809848667995485,65.24893917349738,MOP
2.5200405572798856,3.9283843174403477,78.05779302652368,6.263237441072036,28.51590976896582,61.58628933323875,MOP
27.344366930753672,29.67117872865228,2.2982672579761845,7.052662267776748,23.72173255246897,63.23334519258378,28-28
22.118353150597244,28.563161252592145,1.852703553833237,6.7786430631150365,22.187098003235832,53.65675559737634,28-28
16.51421903121334,5.714151353217806,77.08495127457797,7.454889788017786,28.56890704905646,52.86002245331453,MOP
18.745482433795814,22.97732263348214,3.673907286970705,6.087017218302789,27.56784910928188,76.9024170299207,20-20
111.8370554857401,3.5024628026070648,13.455292288249334,6.720504263435647,23.273113018282583,76.22215319915556,Urea
89.98675810960921,5.264946930360224,0.013067815225991097,7.370669034125518,31.88892219813702,68.81986805272034,Urea
22.502657639388424,16.520485674244917,4.583235945875755,6.351219387348781,22.937765262570164,69.72260970429848,20-20
14.207396503426354,20.801182381013888,25.829218269875877,5.811311404308555,22.381466536656962,72.71086379698438,10-26-26
19.361381084685803,58.65197651759275,15.211512849105645,6.154492204004926,22.30898031150076,52.89955642363179,DAP
21.93821381093312,79.98230813001754,15.388977881640942,6.397865703017427,27.413295784110705,45.1212508993744,DAP
10.304636863089602,29.088967449285462,13.404115561142596,6.7658711361893396,31.151291405411996,77.76514293036054,14-35-14
10.098540095504577,30.025512892514588,21.004860196459642,5.552367328984336,25.51159961916372,60.95446533120861,10-26-26
26.783607899605972,46.42718338847381,0.49943324234099196,6.4490387679301255,18.562178351283862,41.488431200165124,DAP
14.49196573695258,2.2318599991449495,64.33278000031086,6.421574625250334,22.60244075532533,57.59503045838635,MOP
16.028915524459073,7.841871538091453,70.03078596844223,6.188229445198726,31.591571294976188,54.73866649813297,MOP
30.16089694833309,28.486723322614946,9.291447172116873,6.887322517975314,20.661651888344405,50.38310971102506,28-28
13.26858560972753,30.494712753228644,35.50488103669899,5.851638400017272,23.450837455132337,50.75259680528298,10-26-26
29.229846491482242,66.71471626803253,18.664101755186124,6.265496407429072,24.171954168384914,60.354999048779135,DAP
8.175497002575884,36.962184700312605,38.943229258004955,6.827282676544007,27.390669759393724,56.93661699312385,10-26-26
15.632320842112634,78.53441281784151,0.20568991871384057,6.716049973242145,25.593692438328933,58.680686228493926,DAP
24.901088460868657,18.118794357637253,3.399718637932482,6.078939402946555,26.427981365437375,65.22097052469697,20-20
13.433867021776443,41.691435805112555,19.354845135274957,6.278599608007778,28.72508931553466,78.21576405288485,14-35-14
15.618084606892227,15.923605281113785,1.6279098920622936,6.595212834126874,23.504722710059976,79.36152762901467,20-20
8.934290545170407,10.030359207003327,49.86634463221626,6.7064403786521005,29.928704489555173,65.02354273908085,MOP
17.538680827099128,36.55782225388177,19.04359774993857,7.2261117709591645,32.57048114698625,56.390138042011515,14-35-14
15.068779622196493,17.12447277195473,6.635235939134523,6.411197488882546,26.02406259299312,77.69173776459228,20-20
13.955628481318387,38.18350528107172,26.277561530300545,6.536583719108893,22.716331812743697,54.765245826861246,10-26-26
13.692649146947385,53.68430483454376,8.599152395596434,6.830949171055068,16.798366402090682,62.04777542184682,DAP
10.629098283786107,5.75890685351985,59.71278338131299,6.449913104665534,28.94122932857459,58.676878457104884,MOP
3.2881105815775746,2.3316614911139344,61.8678272828852,7.353619549929155,25.159365298365284,64.66000214445246,MOP
13.173227098795339,18.63109828618962,72.83924069196564,6.849907888358194,29.85545747351161,67.9677293316807,MOP
95.9807513834774,6.535894117155547,0.21622167270392678,7.326551074191464,32.01471050605048,53.133635543004544,Urea
28.652860716990503,26.95972547250331,1.1870909550911146,7.480568227060724,22.146958874633555,51.34468360181123,28-28
10.948473795019096,34.77733354266066,20.64886892094374,6.488076458090533,25.322918759514543,52.58162522187621,10-26-26
16.72523876946362,20.679742973160806,2.9635761351328838,6.938315728651316,30.18740229484051,79.67134413027327,20-20
90.38683355801656,19.39447265595954,8.624677395831156,6.847518795313754,20.7552429045403,51.58295773578808,Urea
107.68045023786618,9.158579888680558,4.530432520722114,7.113970306325233,23.792871773751667,67.32895263033268,Urea
17.184174939653808,72.94208906447275,16.413923215335586,6.477350398122401,20.262286640025234,50.87679389677284,DAP
32.08571788502327,24.922692241964178,2.09059373706846,6.584688341875307,24.666931208844083,59.64264197839684,28-28
26.818174208058142,48.84954785784256,7.619825473367998,6.808405738893691,27.354354161234603,51.53833227936305,DAP
9.182480465733619,6.065717816985659,77.30219513677248,6.17796564861237,34.00624134502205,63.677329036706865,MOP
101.26288610746926,0.6531812156899175,9.511923836440166,6.9077481050027325,22.41828217962684,69.69228810501971,Urea
14.711509073682858,31.243776221290503,34.295065528878915,5.6026756788490255,24.176669958169946,52.908962129112396,10-26-26
22.255916710730208,77.53928632856619,13.235554649432771,6.076803048314422,20.319993074776242,56.519901383225545,DAP
14.032077561332521,41.67288020950345,18.146710047099894,6.917746530154832,28.73457945132705,61.3834093440811,14-35-14
16.058743182131295,18.54897683486554,4.1317251720771955,6.6758229251040735,28.581598242975737,61.40216279282514,20-20
8.952593154311579,23.63557734434724,23.136254106336114,6.740953224605869,20.419152167162576,60.47957189755303,10-26-26
6.682036557665182,37.58660431356948,31.140810265500704,5.847070954565272,25.024272871663765,68.2871589925779,10-26-26
24.581180089194337,17.20446004245419,8.861817721293452,6.934304114167491,31.16420544532066,72.7082871372382,20-20
11.298206544347078,28.064212663676457,35.04795764607576,6.2969410275263975,26.774380712282944,60.711447596219884,10-26-26
30.972446960647083,32.36707276406824,1.4643625660281612,7.332929715574228,25.402965317903075,66.89331818180449,28-28
9.313017063410147,27.5808097076607,38.30121465034445,5.876753901322602,28.442123252861432,62.1005143127351,10-26-26
15.140954425512597,31.16936562978968,15.730422006190157,6.487816794414317,25.392694142416524,61.7999651336089,14-35-14
15.063790434065908,24.78354787056857,9.657472098197475,6.395155297472305,29.28370854339646,66.9161219682085,20-20
13.421863141719522,16.10860086091958,77.87024978768963,6.600318413774508,31.749469744340715,55.31856901264238,MOP
19.90332303793648,25.515391975287024,16.03528806501121,6.989258972476991,31.88045557074129,58.00968946972723,14-35-14
19.385297834731304,28.623665581001656,16.22753403239841,6.334014118684627,28.07216417021271,68.66146354320311,14-35-14
96.68773674258306,3.2045120195301258,3.4187280484169658,6.9181447881628,31.359244674132512,76.93893940543366,Urea
1.6825532451876568,7.862078151188021,44.00982254891507,6.024888720948897,29.92578023965935,62.048988839331756,MOP
6.630191138148862,24.67625666186128,20.47415507289037,6.752420808541606,29.746905960485513,53.38648841986727,10-26-26
23.47212820647947,33.026142859204015,9.264637979561849,6.9196273828068104,20.506224722690742,50.78783667385639,28-28
10.739498660690105,27.85790217786358,20.57304855155309,6.374878588468835,20.113025365890223,69.68429895373183,10-26-26
92.25731290813486,0.805160060184642,11.767044419663065,6.897684414433055,34.60700620035724,66.32595987511107,Urea
12.752391810370083,39.1887772926795,12.714920025427112,7.356364937111348,28.747219705073764,68.74671406940513,14-35-14
10.505731038242288,33.52242475904461,18.32363539660995,7.208473208045013,27.243185588535262,60.65197677526407,14-35-14
32.25957968319855,33.95597630253988,0.9536092127300355,6.950058639426225,23.37454278964229,67.41376910914879,28-28
5.835249146800187,24.22251885116075,35.049366751729885,5.576940773471823,24.92535380714289,61.052675866993,10-26-26
25.01601768483123,25.918584729783856,5.29940586930233,6.661367358388383,25.719958782835928,66.10864658599972,28-28
22.60160929790159,16.538999046937736,1.492494697414739,6.268174367744914,25.61074726341037,68.16911162816965,20-20
107.18788867333382,1.133608643316708,0.6934540845213277,6.8919105629439095,30.457455382069707,55.803060288694475,Urea
11.415044812562517,25.19656275880599,37.721722176270326,6.843534916399925,22.972872042813265,55.74984384908101,10-26-26
26.169559580993468,23.60797377770223,6.723838432917036,7.326064684548285,26.73092130911217,66.487008944987,28-28
13.969921622074741,28.126339414177217,17.379509473975922,6.540711757712331,31.712708252291325,61.76609854954414,14-35-14
21.21844452210009,34.88872693231645,1.5620150793059928,7.488420993963481,29.772799325664472,65.8763620781608,28-28
106.3769184832799,11.556141005021694,17.322030907556695,6.789439521619488,27.015218187273156,68.58169908099507,Urea
9.11190475869491,28.54972908180536,26.60569335004169,6.3463477250268046,28.50574528015116,55.03820945015782,10-26-26
18.68866077506883,13.781753074964593,72.9309285072012,6.8342860389450175,31.692750521360953,50.324007946789344,MOP
16.367608495590705,0.8027771817073304,75.5965350545145,7.487944120857965,24.411011932651668,54.206371125715876,MOP
17.65363363858041,30.060526818405066,18.655623831722036,6.1542638882362155,26.259551963793584,79.47878887751538,14-35-14
16.738388982700044,41.93774448857906,13.24329377351518,7.014725624280906,30.94241827308597,70.07875300307367,14-35-14
30.237986893065823,28.63038759693648,4.290623693026659,6.775922694380547,27.68581330913202,54.525448600063726,28-28
107.69417224617656,4.666656452986533,12.506603399089078,7.247078267129029,23.28070833359809,51.79829902583925,Urea
21.96460614491261,29.089954509065382,8.494464062257356,6.544996821235424,27.341512590416464,56.826372919001045,28-28
14.785283699195226,43.57719099691131,13.319715047358454,6.69800540090923,25.13682414760681,57.03996800012096,14-35-14
23.87887386702176,20.417783612316114,6.3137532604825095,6.926398356801623,25.48145202728022,53.49294371792659,28-28
15.918640588732323,66.552978994109,19.306054472607997,6.050416773602209,28.35576481282899,57.306436039336255,DAP
15.639195667556237,35.005570704155204,10.693940859041835,6.134815277604241,31.00912005659086,63.52396428588896,14-35-14
116.69072266310722,8.131810747189444,2.8656291740528217,7.214718833502036,24.400301321615146,65.7641092206768,Urea
21.978327855051702,24.002641112020704,7.921911948016761,6.676361067872724,28.796331823951434,78.91849288064174,20-20
15.91648194993072,40.044483767847495,5.439091187963974,6.217891379626744,24.927518776709974,59.01134799296587,DAP
11.869227654094477,0.324868864189074,69.1511221780259,6.485295618728237,29.975839835099464,61.131568570043065,MOP
8.427309254279072,22.691525342082155,21.88837795320962,6.747277499668336,29.183975420815578,66.24470116910749,10-26-26
11.034341148604835,33.040544337764814,17.289392001051574,7.169731326015102,26.182186222910886,55.00076797113456,14-35-14
17.121370458806048,32.13192351972411,12.544813316182601,6.019346204684288,30.402994067614998,76.27876838564954,14-35-14
24.576316462725877,20.65744950613289,5.144613277398942,6.085056385489241,27.488728015426,67.5995815793079,20-20
104.28541123534308,7.774526957530934,4.8059824690073345,6.594965275228376,24.723776668833437,52.89934502863257,Urea
11.76896950823984,44.746723171590915,14.441035569066187,6.797807649757525,33.73618528737215,79.8892225122672,14-35-14
10.827144493446816,36.24947642088343,26.538820486733506,5.958615936170936,24.027037209945604,66.81268156684123,10-26-26
30.23287533882648,24.728591519741762,1.3320992413662869,7.132396256465508,21.283258621887644,61.5698501645866,28-28
30.401331920844633,30.509172445916775,7.534721106595967,7.372859421565664,24.999589919647885,64.60498379059142,28-28
104.76690941463346,3.7327987959536513,0.5137928973881634,6.784541385676934,26.645505595064293,68.5131783328597,Urea
13.499593305032054,23.92491433412331,22.510995797969542,6.945219921211491,21.080445593764072,61.96227675267973,10-26-26
21.711274575866035,61.65497683629753,1.720643140658864,6.057026914003619,16.582251411915536,57.567630516178376,DAP
101.77379550537285,4.674815840734885,12.755482836911831,7.320067502055649,20.623684397698906,64.94389830644127,Urea
21.8931041210269,17.52311927069687,3.0777090529314908,6.6136379029893835,30.97935293443737,76.19848840605799,20-20
20.831302190995835,22.302217177572494,3.6482247020779868,6.640965528098758,26.661815911275568,63.798722729151216,20-20
17.01738273877257,36.12929274697644,13.586215819535914,7.367008785117946,25.209341178267334,62.8943287812374,14-35-14
10.568813977776465,40.33054632443255,17.021074541137928,6.497028328104475,31.75662902207073,64.89843065489875,14-35-14
17.562537914224343,34.08367325473412,14.122797278316655,7.402094873232452,27.508790998907003,58.01118349991414,14-35-14
21.690862265189164,78.77287249136715,7.556784274543733,6.0620367636287815,20.08957900964351,55.17794962958675,DAP
22.428845099483205,29.87153327084738,9.977493890102005,6.9517394759814435,23.547285567302126,58.01408333668933,28-28
16.151461783952012,23.832736014262238,4.1482565552135195,6.387274411424841,28.596902729304745,68.84066841862247,20-20
11.48233468807846,21.22892580261575,36.27446687444455,6.910755929319103,26.48765386159386,73.86414822147027,10-26-26
16.514323143699634,19.774161894803537,6.018067339454473,6.581736647421186,26.014617790890433,66.76168818732523,20-20
85.07296090201675,7.834849011245564,3.2532163021097027,7.234365676492218,23.13246403241885,51.75695915853601,Urea
102.09464551268937,11.904594654388031,17.43826122561011,7.076981612417682,25.182212805851684,74.09035644578961,Urea
20.80557786374842,43.17121138524767,11.317011206264933,6.908018545421663,20.944689382473307,48.889774056994,DAP
85.73877828072081,3.0289104387071464,8.655429686836378,7.09567982416153,21.209231077544025,78.18705767075497,Urea
22.55133617445196,20.866239182836626,8.284386709389908,6.080186756812113,26.768388777331243,72.60186253723327,20-20
26.573058122365786,71.3387824019707,5.541384994267993,6.940880169559204,16.865187621463054,66.25400855863457,DAP
19.709402496046188,28.543070464452512,17.220660642037853,6.060428278166998,29.05422825139155,67.90708247994185,14-35-14
10.806452259096341,38.718744964971194,33.4450137458839,6.221916926828856,28.096750362658895,73.76332052386022,10-26-26
20.33099223023436,34.73781908384058,0.8613213906368034,7.314386779268761,22.803347525514127,52.64359315507743,28-28
14.39855639713835,37.87913158895227,13.80951845023475,6.081848112424049,30.994611396587167,77.56008190276687,14-35-14
18.832153659472517,17.16332777630827,4.425773459328154,6.048362711048781,30.20487584480275,76.52681621900373,20-20
15.880004634296284,32.06205777876779,17.997833644457835,6.8320305371825505,33.259323085500164,70.78646981457551,14-35-14
15.688109464255946,11.971259864355199,56.56564272862665,7.436918789889207,28.11670737318267,62.10179037081077,MOP
7.204876394147492,32.51301578854553,31.432152989658878,5.7772575969205375,20.595870973531436,65.10898299286927,10-26-26
17.636922693503205,35.468027418440165,12.267726253196457,6.999782965039552,25.801057266096024,66.04584262004886,14-35-14
3.2673351679684037,3.689181021197667,48.091757966328146,6.580060585565967,20.767253084305963,57.95586881858196,MOP
10.117074471147008,29.665885699326502,27.65568200806081,6.7587199121061285,21.453266924205042,62.64241859453435,10-26-26
20.930621254348313,21.067335183168645,5.738658496770963,7.066018424887821,28.78033512844457,61.15747351320147,28-28
19.195820408097003,0.9738969679985954,43.92030739122964,6.0660987923555725,22.7791527550031,60.82540221883356,MOP
105.82288725709712,0.911703158973376,18.919417796911986,7.342165376650381,24.449187232356397,52.31562590679404,Urea
11.698870732190572,27.538888275099453,11.232837792989468,6.777842532998601,27.458474424934003,63.953492913228615,14-35-14
14.895053333843224,33.6862849785069,38.97961334094003,5.713834832549673,23.821394748325694,63.86829508205886,10-26-26
10.76758061888738,25.083748872559156,16.704343337969174,6.962729275202153,29.107888099996117,67.24110190080081,14-35-14
96.61772002368359,0.48010089689777713,6.707432124349248,6.6770822553972895,21.47636283652053,78.7016130166805,Urea
28.990395875632483,30.92984426354904,3.153637432661175,6.893147129494015,22.369239938967233,51.9393134193085,28-28
13.580632748831675,71.90056181185943,13.550916103675517,6.546928875985477,22.12634809300152,67.67302850968373,DAP
10.727349477786683,30.612016264758317,13.499378535707141,7.173638718319182,34.92514620161971,61.01676286892883,14-35-14
27.486146682741612,73.22491041727164,4.493147952835333,6.399332580199222,21.14509303938779,69.34662005579675,DAP
13.617838027577967,71.96631884419128,6.683854283462198,6.73087034577616,21.300165064434943,57.350792893496205,DAP
32.48917659989196,32.06248347475826,8.664231835397002,6.559617325344659,26.92050553039745,52.799747534435255,28-28
96.63274272073645,10.97176830109377,8.054789694936614,7.019611675803008,34.94789463197929,54.05651941138564,Urea
21.754560453364256,18.96000966385615,1.3300979890732878,6.15873676337431,31.49273106245617,77.59202993423524,20-20
33.605629406225326,34.8729916374108,2.0831539000851795,6.855439337364062,26.692190299248665,59.676050797212945,28-28
18.36779066756667,54.312449973423725,11.875612638869043,6.575593428640082,17.4218675109636,54.15219512555317,DAP
28.30207664314775,28.55430408097086,2.101071929123518,7.242271392252286,20.251990948210697,57.096637110863256,28-28
17.802126485356336,36.27785842110805,12.611624325108602,7.042429679014571,30.673909441560735,74.90609023640968,14-35-14
14.700503723796468,12.202158440724693,59.52710701243256,6.199773188501285,23.919995268280758,58.38198945834171,MOP
15.992992870063887,35.2741571043061,12.881845259595295,6.009696536684566,29.962392219008137,62.140649714056075,14-35-14
24.692166014210702,40.95785061081934,11.696556226115817,6.941474237506066,17.616139006672494,54.14948472251786,DAP
1.8284398363427634,12.513638245227053,62.02126722384902,6.611048286319249,27.82065532210612,67.9314931693802,MOP
11.96294302311067,25.451290234106946,18.616648846991012,6.8656756235818595,33.906584554618426,69.92363058532932,14-35-14
18.101610899597027,33.59346726710296,17.49859931288269,7.369562200334784,30.721229637222063,59.51962876405949,14-35-14
7.6879761503019814,23.972891537948115,24.93714055191466,5.959623174026555,25.551337867531885,64.69979073659582,10-26-26
9.26499747241861,32.30841559641671,21.631498512227317,5.63168235558724,21.718294603576584,62.95193745100862,10-26-26
17.139946786983135,17.832844034925774,4.0031283617299405,6.81186612401038,22.1386213591286,72.98757640473245,20-20
30.03314796561028,31.97983670534955,9.327529390603132,6.52013784894929,21.53783705513216,67.72342588111987,28-28
9.170371243740307,11.29181277866927,66.5210881489259,7.018599906743456,33.97610604974762,69.9389883482334,MOP
24.403149218618804,51.488848368206035,17.595048045886873,6.049220914540761,18.466212793117442,66.92157152391144,DAP
7.5619151443935495,24.413021192434968,22.762505862804943,6.788667636470375,25.000582591910867,66.87233007635388,10-26-26
23.585995761125446,31.370606315168246,7.600055449620985,6.8125980249083,24.106826330102827,54.19380554860402,28-28
14.765610233229044,32.91205154116823,38.69087761431031,5.9550783154437,27.818909129968898,69.14646609711855,10-26-26
107.66622607466167,19.31277950533601,7.871106722126311,6.630717323589757,30.075632888660913,71.87929401431619,Urea
15.750605734588147,29.136357862667925,15.044559416693554,6.468284604853694,29.27466528166689,71.1304643961166,14-35-14
12.452147426908345,24.644493818026863,28.106507212939068,5.903742356487443,21.98631613861869,69.58468049989597,10-26-26
14.092526944369924,27.404643713691534,35.025578487475336,6.845492934046616,28.461242105302315,54.57033471348065,10-26-26
19.562918815133614,32.53352880858925,13.392406611738362,6.09364699091667,29.86173654104883,57.72534039102322,14-35-14
12.48539820927426,31.33885243534563,18.08826323491684,7.313232975593845,28.024663174614698,76.46745303111435,14-35-14
114.28923749479165,15.29301900769747,2.9339022803036308,7.190322846900729,34.17536096870853,70.47621436301472,Urea
6.632336982156679,10.011586348616625,65.82900173404215,6.765855613092755,21.799294125964547,56.24128089304041,MOP
13.023960305536326,37.22836092191035,22.746000654311405,6.928580128598087,23.28822617848609,66.557843468268,10-26-26
110.07300583826725,16.238924692757667,18.914994044518604,6.812919548028822,32.87759681827332,53.95060710308621,Urea
14.100818127071854,14.839554590279718,67.10892964805282,6.3784721042027295,33.09564720522805,53.3771692674079,MOP
1.0726958304166168,14.349299812238243,59.019028609309345,7.273647029938014,25.750957115873884,53.365571770154254,MOP
26.728843849397393,61.95638526560287,3.7839158478070978,6.7203839985864455,22.666704577342507,58.12938946720959,DAP
19.21796676413164,73.14835935272026,16.591254313660997,6.709388821824386,16.581020660946933,65.16561585712206,DAP
13.420259610658196,13.94048332008599,54.51931361615486,7.31891933423551,30.88057400352286,52.25180933058389,MOP
14.077780344061626,42.72760723920283,10.47196701697379,7.442124929463074,31.791625683195626,70.78439944108442,14-35-14
15.411185129759827,49.95167154956708,18.841164389771908,6.298272454234123,26.63257945078499,51.79365394621237,DAP
2.7850814156940795,0.214305953907179,61.770293480610036,7.4636682278233994,25.537042907138066,57.1438466798609,MOP
6.881832356988841,10.410876746097168,57.62659533697175,7.319871940090522,27.582811875852354,60.15515676377137,MOP
16.383715947205566,24.827395409103858,2.499728908688297,6.073364067459603,28.63146248975209,71.90732740313746,20-20
19.15145653992746,19.22192233880678,7.850639210464312,6.195712640099649,30.202533189448896,72.97494227790037,20-20
96.75879095118097,9.160572331677372,5.132944143721916,7.252114332696975,27.693121134579016,59.62563628249531,Urea
28.940751736414253,34.93601678076985,4.352622796565538,7.42069140077862,23.450168399245662,51.09465413849972,28-28
23.063631595526434,26.280427149915262,2.19634928594569,6.500227038218256,29.15001537747527,66.87758822461858,28-28
14.845844629738941,3.3562919129205726,44.81454304839944,6.101407124208575,30.86043783159382,68.5761592137577,MOP
9.30535820913037,22.382813439920962,30.24785641464213,6.023247861187945,23.748249243499977,65.53326560389269,10-26-26
14.374362265244047,2.212071977463217,41.423609232259054,7.4914954540285725,23.49092523373328,51.07661049816918,MOP
6.8987532909592,20.779156926969286,27.836217892343434,6.7036026766769865,23.412444497577205,61.104585171959165,10-26-26
30.133801603511582,27.633411051048203,8.614456860213242,7.366035675045756,20.099106954911537,65.56092612966398,28-28
19.607336002416737,24.88840541303663,4.832320758754351,6.986895945388298,29.545693612057367,64.97209769226613,20-20
10.767899585739153,19.842712789571657,74.30122431007695,6.146050340686831,30.59557995214994,56.91159171741626,MOP
5.069822618803482,28.06961938053999,24.695088434499425,6.728303905780708,23.373306088457653,70.68809234884543,10-26-26
20.00896908252193,24.617287250391787,2.411652143077619,6.733567361068611,20.681866197654628,53.74248540821004,28-28
102.2219827954248,5.82722145675489,8.347895646582959,6.876866880347189,33.13857387499842,77.15896997031547,Urea
9.9295697165586,26.603119006312088,22.13601408004727,6.930104319073143,20.602269449002975,57.44125693920701,10-26-26
12.98066201170004,31.408025722804297,11.642868432724093,7.174742146385546,26.224978619659893,70.87266647882907,14-35-14
12.47692053411635,42.82142550371826,18.18859007371753,6.190128766318706,27.318752318395564,56.33892613321407,DAP
10.778565196087696,44.10896382876135,12.469611669918926,7.289468018028909,26.68810005784564,76.34857205354632,14-35-14
10.13228812905294,35.235609131389616,17.69442579421557,7.402193276239175,34.09202136206487,75.49062173869112,14-35-14
33.322870244919564,22.98829528755615,2.8418429571172874,6.788968524921058,23.77053931001699,57.866413407703774,28-28
20.89110649309351,46.39519053465766,13.824933275719786,6.167566539304507,19.654627231568213,55.100353918184624,DAP
22.964405615234774,22.394692332387272,6.455343564105222,6.15577326058017,27.470453456155777,61.74893003599771,20-20
95.09452707186603,8.270330605799183,0.7962287889150765,6.773988099469972,34.33474200899734,78.60897823489069,Urea
94.09308217010157,0.8620021789664811,3.581898786563631,6.89221779343354,34.21669546953845,54.23597190611555,Urea
17.635158436682122,27.17365078749384,19.81257577391277,6.572424748663702,32.75234538899056,63.564777070278296,14-35-14
105.10675508635235,3.8403216948007346,2.920420385939251,7.438064139568131,33.7647091685665,76.62406820638647,Urea
105.01733800666373,16.165364224325565,1.3807387382274983,6.834789041890679,24.705546871357342,69.0693596585784,Urea
18.559577734706405,16.485067816436807,5.964670754135437,6.814383920669082,25.82123494459973,62.64537430196963,20-20
11.966881973128231,29.749666103387682,12.998975929945363,6.964192605759464,31.009454845377192,72.40199653917598,14-35-14
8.625019845315132,36.479953037599564,24.081753223115207,6.203561121277231,28.009387215414304,54.50396619331548,10-26-26
6.098631137407829,37.673679353759795,26.85859325518392,6.525805187363548,20.253486042639384,67.25117221023623,10-26-26
16.32202623093941,42.22963414349767,12.19625523096234,6.240803816073173,20.8021086307782,42.417424368595405,DAP
12.943265021898906,51.91908941983375,1.7951900112031427,6.910826264686316,15.090705647759677,54.51580656592934,DAP
11.232474581325514,31.15358178955897,19.260595598182654,6.24254182991098,34.65832319718333,60.14485942473554,14-35-14
24.83132216933659,61.86709059589247,17.689574551935184,6.553993255503131,23.018388287344628,45.863740011051995,DAP
16.662293620516586,24.16489151115514,3.2783819885003407,6.372082254962896,29.59823658428388,66.77646964845614,20-20
14.520624466390027,34.758555379976,31.9485848514684,6.821342740817129,20.496059083494828,56.42656730473022,10-26-26
98.6014533688364,4.539570789430421,14.878103746043038,7.419208031053725,26.35655179896385,60.26397800335685,Urea
19.231014642751326,8.897048656550817,59.56193601797133,6.527474808512858,33.64322709518208,61.37910966563702,MOP
22.621745871816447,23.118067183508863,3.418490419172582,6.43369433132038,30.484717744062646,67.2651070335162,20-20
31.90902700177777,34.114884838616554,6.23210373068007,7.241627287451889,28.05097312041135,66.90079297793285,28-28
17.90106675713592,42.05053836703993,8.03752542473479,6.6737562297840896,21.755255786711892,62.46889452581196,DAP
94.27929717874656,12.69488282208059,3.7283960970794916,7.249369436644957,28.18543953219539,56.12193165639802,Urea
7.919111734978072,34.972174171636645,29.652024713230414,5.8240471605896085,29.672711903702975,67.8781254954222,10-26-26
118.28539330159185,8.542100907206864,9.50200681383441,7.397955216185019,27.87574010368077,71.21836735717001,Urea
17.5217287749553,19.467264687026407,1.234498658103551,6.205980035876962,22.00943415267631,60.7853010329732,20-20
34.65925734765394,23.635305427051435,6.633107095040019,7.339099698799611,25.50660459236564,53.06289000167912,28-28
22.281164373361662,21.002514100995832,7.312505893473751,6.769746622857087,31.75410367684745,71.4712656005342,20-20
18.41641112690602,21.48464556900237,0.6844070924262613,6.897397318321587,23.193810113381968,66.55685675771636,20-20
16.31490761252242,11.946247566614236,55.74542081109769,6.710153489062532,32.8182108980327,56.80008772119784,MOP
17.392993696243426,1.7626886195338298,71.07193748834523,7.271321449582104,22.72726479256008,58.60693064744401,MOP
6.654997746636556,34.132082579884354,30.706955361233135,6.452985020062481,21.964869669562113,55.29364655131049,10-26-26
5.4149732550990635,26.441350703914594,31.1948932266735,6.7869023709959935,26.669274474586807,60.88490808499378,10-26-26
19.062402287882755,14.384904011516637,77.206608114502,6.791381959908248,23.883564121897095,51.056533727294436,MOP
24.52169702967701,44.85211992022136,6.055502565439344,6.532470907883898,23.466248816696215,58.017495909614084,DAP
16.662553303497006,18.797374048216486,6.171942271169667,6.969818864633785,29.276311376996887,78.45207514187916,20-20
25.24424116628354,63.66867875569602,3.840467382726891,6.666685651892513,24.35069348939861,58.074075113717996,DAP
27.346788019823613,27.929849059839135,3.3444252711810405,7.019312692642303,21.975559056784782,66.10348794720754,28-28
16.85776954698708,15.849662898894664,4.362460263571574,6.6583074395060615,26.377168249335412,65.53508263902617,20-20
11.163423677808815,6.940046708243999,77.31470760506532,7.383967709405358,27.535577299581433,56.55767988036517,MOP
17.37132413956639,25.734258869661332,14.747690060436511,6.504485091405501,34.20535885102555,55.30007568181706,14-35-14
15.52814875718349,39.81327162133252,14.850179875240412,6.128104545244082,34.724613900279024,67.95026078440245,14-35-14
22.283724886380227,49.46439130830029,9.669961702136076,6.429149491958322,16.123437630029755,43.184810606424016,DAP
23.374725196187747,17.3981995220659,1.9495827149863054,6.504911451250139,29.68747131362513,61.238930371579755,20-20
15.768079196382558,27.38420885681147,10.364610508256185,6.0791159282433265,33.341641082084415,57.94931209070154,14-35-14
81.80605457649168,8.757997742858246,16.879869438840494,6.762408376489302,26.325689262888744,51.197675976912535,Urea
97.96314056539504,11.552261612742674,11.418141075042897,6.832426692174365,24.732997709947032,53.198708568097935,Urea
17.335966412925366,43.979786754918585,15.331918894241031,6.9662742977481855,29.551116850000604,65.95213298126181,DAP
104.03168597358476,14.017313944877598,5.704116053608281,7.13077042017262,26.83474324159816,64.46052019330797,Urea
22.57776560375158,17.819183555972515,3.180396116945199,6.924641791128637,22.562242948509724,69.71268596826681,20-20
14.128008004078618,32.20726015636314,30.92814148424264,5.874616268844033,23.432754890644482,71.30121039511732,10-26-26
28.388271976526873,27.7211329063517,0.9957971354002892,6.516028156455123,29.63685188687049,57.53972334573683,28-28
29.048195931492565,21.195726097809274,6.831142857230466,7.432566708705961,25.756652529974197,52.522306447508214,28-28
11.634430549469535,15.326944262093047,56.25666146296075,7.319756621912202,29.730244300360468,67.98497836578406,MOP
22.470106224946743,45.25151888019297,6.193834222103782,6.201794948252457,28.632397465752934,62.81200201862448,DAP
16.76398368910006,31.019326392632433,11.840447720502135,7.134676631983368,29.741579458790795,60.644738803765726,14-35-14
16.16621978165275,25.80667704276904,13.261702541282535,6.702835491886702,26.47958334109406,79.616361939771,14-35-14
14.181947291792286,45.214125201730624,4.070697477737928,6.769061133159724,21.38258488907764,56.96247819257614,DAP
10.210091569863607,25.68862617146629,14.458255498270162,7.224982864802435,33.852388787075654,57.167664189891006,14-35-14
101.53452408404091,18.26459372558541,7.759455087957727,7.3295658314283685,22.005434815991542,78.06183469003396,Urea
31.27134976296954,34.120015891803526,6.766172335525065,6.863403931999427,29.381811725247225,55.51133552618357,28-28
24.982587830925986,30.512126270026105,7.6531629952538625,7.429403483849153,22.048024090562095,65.95996070438449,28-28
31.078190800954452,20.956918343803967,3.8722314121020696,6.782765457060099,23.044904243540305,69.65893759109402,28-28
12.855548269598557,14.353523155869992,79.06470549260037,6.565802673686458,32.02760252679209,58.69061926608991,MOP
114.78134687259919,3.6131508262260636,18.95372354128559,6.71877170841088,24.893307604713975,72.68576702320341,Urea
7.8751028313081335,12.164227535328934,57.78294004277714,7.113554905634673,23.424968785529163,51.16915974473754,MOP
17.999293974730662,19.743086648684304,1.6802005219267857,6.354797289656389,25.999830182935685,61.14783687376547,20-20
20.833072481842045,23.843434279712874,1.5174291295305242,6.597808013401514,28.64739204910846,68.38669360838577,20-20
24.0219517472854,56.42926173964048,10.092745759548698,6.007353044554427,25.375801712020333,59.84028036834174,DAP
10.768017546526892,54.73000429580532,19.580636815833348,6.420736562568617,22.529181076977626,67.29790474479155,DAP
17.172618758657563,36.64140262248447,17.978046813410725,7.296549399683959,29.568880717372668,66.87770912329589,14-35-14
18.860509356518357,24.667061400184608,6.971662542903504,6.083223066208072,30.629596233130187,69.61119881672536,20-20
5.687539064224874,30.99434510326622,28.343285579514042,6.816624107293937,22.039946036093873,70.66161523730457,10-26-26
102.3075476474181,1.092206064269381,19.436906026509693,7.0126152441032,24.36315281347374,64.08220525967775,Urea
13.57857783517489,26.09806248770127,23.853527929734007,5.693606870396322,22.978593983902112,69.50120217600109,10-26-26
98.86505460781046,4.5496320738708,3.323699992194984,6.832729476510379,34.09886559328563,60.29080137770073,Urea
19.762481519092706,9.704609115307123,47.166556731606036,7.336710137690265,26.905330597022402,64.19342687009049,MOP
34.755673748137276,20.75263025479961,0.9669455978756714,7.2204567414627565,22.81825003295472,53.68602793900198,28-28
81.57447519278918,0.4369342397240361,15.489712062395817,6.63443342736955,27.01580923956726,68.17690445538449,Urea
14.283518005688462,25.54213304672466,17.835015025879088,6.01576983681248,32.61889894377484,77.33261234470307,14-35-14
26.492598815857583,28.033137096466973,4.7698339261765375,6.889208618623439,28.874245353703603,67.87867021339981,28-28
18.358163646415345,21.15069754014698,9.269075621458642,6.962058498941351,27.089590404220473,69.05649610568653,20-20
5.573886318570516,19.1774374638082,45.7125721789147,6.869744364071588,24.238254012779585,55.58016580695593,MOP
18.09937174752377,79.95171743262618,1.0993261367964413,6.578541818203531,16.23858237052916,44.635624899715566,DAP
14.395629417728987,35.20920262692883,12.587924083645241,6.474685696311624,25.86967020255933,62.58049459610626,14-35-14
19.66558439380544,43.894147633449634,13.34878290136985,6.856280904418142,34.09595391110945,55.154595566022415,14-35-14
23.106835703375918,24.48369552788919,0.9132573433355706,6.161447686032921,31.607463027713553,70.75080287280693,20-20
0.28393268943447403,5.152639975270583,57.997746970754385,7.039363366537152,30.997405672051993,69.90843025850913,MOP
91.50044797535037,10.764402037369505,10.6664709571921,6.905645259447238,22.537428407636302,79.32369689551527,Urea
17.06634373333172,9.966660565884744,64.12981690736119,6.340891580339494,28.156806055876203,63.899402662429516,MOP
27.72750542579883,34.854277558774115,6.113416562477262,6.8709737125921695,27.72152027615838,53.40925023163284,28-28
13.845158137062665,31.939179007551715,14.318070951077772,7.17266973889309,29.841730321634074,74.85036125664907,14-35-14
11.529778062797318,6.8413886931511065,72.3991497473389,6.357434505829637,23.365744696996934,60.09005848109672,MOP
12.608492459620889,25.181740699024328,16.482975272988014,6.766640732208597,29.45517814493161,79.17421286545789,14-35-14
28.567987759443703,32.95147366684077,1.3945023620516017,7.069206463129428,28.67979626730903,61.66211514559796,28-28
17.180141781270017,32.440871356244145,10.924495170370665,6.6868504426906075,28.944793908388576,76.67650455947368,14-35-14
89.75981209409889,19.33468455070216,19.162762396089924,6.747631643071439,25.220779332159807,76.86667222621655,Urea
19.33244441792215,8.868782056720882,52.83988182563591,6.789141019877313,30.316538095486024,55.4694903074996,MOP
22.364731746190728,15.51657357114641,0.4929449276441644,6.386287705145545,25.534731920607207,66.31266430734304,20-20
19.9101976266891,18.207335823115713,1.9225791846809193,6.309469549088601,31.74904272810235,68.22226833989697,20-20
97.78851107433343,11.5308997990228,19.66681536828453,6.741601276435763,30.219231657986505,71.47954080625172,Urea
11.07324416793066,21.77156679273288,33.53744551655153,5.596142066554263,25.96142649549897,68.48952943054357,10-26-26
14.21939781239901,73.66488030171097,0.6070761106600853,6.843812863658306,21.904935759641475,46.52763819794934,DAP
22.00667217490952,34.29960751373559,0.7266558758115671,6.6990934199359256,23.47822347433046,62.40469697922241,28-28
10.896021705521967,2.5128698482462797,51.58911934952859,6.358127656629036,23.203142817355122,58.22288672959974,MOP
30.560471788874853,23.26179398325854,3.666788797029814,6.890917426841162,29.7645652943541,69.09332713758138,28-28
112.00550331008304,4.833178416383703,1.3607462818333937,6.816904137720625,24.00191824150746,65.17777400439182,Urea
111.10911640271172,17.166458777577162,16.89728170821017,6.859675561223067,30.308515151910242,59.3850259257266,Urea
5.609055432351827,34.03130531205885,20.19655105139576,6.113773881187733,23.293792693020755,67.3344384629713,10-26-26
12.662454727603789,26.081892719425674,36.23254028889707,5.9408751407574005,24.463263599865613,68.17546317535334,10-26-26
107.71680916899155,19.747369446244,4.503220484318637,7.1623179135395825,29.14522862413666,77.45295363470089,Urea
16.56362141644875,22.51798163586933,5.682686162687683,6.274665869787905,26.74434914147174,66.67553194139596,20-20
20.79313402788461,23.890006108146657,5.6930498441220205,6.631722418326584,27.187478471147095,61.023310128909515,20-20
7.328585568760943,29.840034588641657,26.204705674894093,5.772645396641791,25.04132841918438,58.07024483619626,10-26-26
23.87161464760122,26.959781261605713,1.3328425808217315,7.427745733075407,28.677020979192392,64.15241171481071,28-28
6.062138275884562,35.51754508939386,36.15914656218038,6.651646926571507,21.139658871192413,66.09769892669412,10-26-26
26.686495914987972,63.09413604878671,12.92814750456178,6.458363479426306,22.93060979826079,41.03130575055176,DAP
22.77926043946569,43.25788851564637,8.700291886804468,6.292655097667408,23.181419253175697,44.002490065696215,DAP
11.916434019733181,35.900230738569405,23.26708899486313,5.656469631027823,21.455154827873592,71.92818904746254,10-26-26
27.922838926345342,27.00891494011254,1.0671181910235428,7.149556006756962,28.6799959189509,66.56371738646905,28-28
29.39082063471202,21.129180749775106,1.1239702717601296,6.549308987109825,22.574792164924695,52.71322934320756,28-28
5.200960805048678,7.701161114379234,77.71931136284542,6.915564089672538,32.52460678524444,64.20703001424664,MOP
11.125031305266317,39.71840812747898,12.750988815591244,6.95866177049206,28.409619736429885,79.94180658161648,14-35-14
12.63551479496778,30.582609415485393,19.306722555623985,6.036966606954484,31.96688987873197,73.13315976839695,14-35-14
18.363785774103995,44.48878621276951,19.756019191566523,6.0979151363496955,33.21839322752903,71.15774834143454,14-35-14
11.473421343730912,22.566998532293894,33.00374332891307,6.973723870901871,29.11818569539447,60.97826652012127,10-26-26
5.399479732860943,27.245869800004098,36.5278062320111,6.552248652197749,24.593436555939565,51.377538378970776,10-26-26
19.26894727823303,19.690249397178835,9.28555532894136,6.641086103582159,25.11652916654649,70.50636528901443,20-20
11.321106156443202,78.90272942598946,7.20119803861452,6.477867354913136,20.329259613553837,60.475351903486,DAP
13.24464316659186,14.306446210582713,50.72572918447683,6.473502721746099,21.87876846644312,63.11019943692225,MOP
10.397971273356525,36.95364671046918,18.69695884851634,7.336248222434451,29.490377603699617,66.48259220532684,14-35-14
11.539383660160347,66.83060101772142,16.42518840745691,6.2446550546047135,21.31951322450047,65.16518010295812,DAP
17.54240935324576,4.863599605284518,62.02282538165457,6.28873972595374,21.528181462093347,68.22241002783915,MOP
32.30761256348164,31.40052352704761,0.4876631881314042,7.343728792710257,24.380440759053837,56.847902465917194,28-28
101.85905444101506,1.8270648544711166,15.132930987047978,7.082435076888296,22.798851453097512,55.64696599307137,Urea
22.763729773590114,20.85503581327901,5.877984493716848,7.340348177588508,20.174982139873887,50.98009289942547,28-28
21.455405533738915,72.7798274154421,6.534777811372672,6.349614398807722,23.945197462451638,48.226386673724406,DAP
20.39912549116526,31.02842777152394,6.256499129414531,7.0807559990556594,27.41684128991823,63.50461675124075,28-28
7.0588198817832115,27.049620938867022,22.5222028335725,5.694785520126821,26.76195746356539,71.46500267456246,10-26-26
34.44098875791708,29.42520676324167,1.8410132336095697,6.605650345448931,28.128509715367578,61.575129527199984,28-28
11.182850210137198,35.62924177509419,34.06554455464903,6.751687379284145,20.562139054598784,68.68801591866261,10-26-26
13.508527573220954,25.722700849166287,32.80894547986506,5.971243095755458,29.57971066482454,50.83558931088759,10-26-26
103.1917137533182,3.3300709409903018,14.244404103543173,6.675890283418662,23.53074892847536,64.83112433137273,Urea
19.14834949996878,29.234287442959417,11.442400211181035,7.1384652477810455,30.00619532333931,77.79462780954428,14-35-14
11.466145571598423,37.91855786046079,12.32879146151815,6.235140642977459,31.834294151572706,69.84211549771832,14-35-14
17.54827458362331,31.18925152892365,14.4797165638219,6.608207514495628,34.840894639665144,62.3062239184847,14-35-14
7.948172383467669,27.090964176572147,31.291881625806433,5.878484116395618,29.152899403792738,56.642139121656584,10-26-26
23.958157315601945,16.034750636465848,6.565627023996523,6.906985518438244,23.687494383982294,79.36653920198509,20-20
26.793250406232676,34.18572662661536,6.76820043630047,6.801586869873551,21.883025249171062,56.07470092450199,28-28
15.93017409262675,16.438679663433298,1.0466044034648114,6.422943543741558,29.955783762575862,62.8276710843268,20-20
6.303204331723359,32.86857899034661,23.943659639361325,5.6464150571634875,21.668485782055775,73.0932848969194,10-26-26
112.85885011104763,7.081291247101882,13.116415346547857,7.037275673668038,30.15686395223846,70.48013457388278,Urea
11.28734015059993,25.32202737074617,20.780128415256364,6.183350172985163,28.90973884690704,64.2374314629644,10-26-26
23.32391041701908,24.91624342961228,1.6361620413827627,6.691777639141982,28.742935737000245,79.59910894716558,20-20
14.856007339528004,33.733572234482594,24.872295839643886,6.697833757195898,21.07029134211038,69.51748260429072,10-26-26
28.20392248289393,55.31333579073741,12.61270589966161,6.430142732096826,21.56647582482193,49.3111266732436,DAP
22.621296204503246,24.361765641665052,9.40750859234461,6.174781284874934,30.747436496565662,74.74862882854245,20-20
17.528374006902894,15.672846129215145,2.6799726688437797,6.912208236781526,28.33178674895772,74.42109321795743,20-20
17.57152351109096,22.193881555748202,0.2812150627792376,6.375321345773013,28.267533485423314,62.9219313108264,20-20
26.460071488938695,49.40125195247674,13.045622256368926,6.40519714257533,23.940653932164707,43.22351657886725,DAP
5.169127999216073,38.19128854760602,25.392600175343656,6.7295155041706884,29.993503004722,55.28578144997278,10-26-26
23.977561117750334,29.942896814519983,9.654486346006212,7.415814348190744,25.028755200655848,65.9022056505345,28-28
22.036187796498517,34.661572763060185,9.643532340359865,6.6637289578791705,22.994231248031067,52.003099950135336,28-28
17.717175988981797,23.159557894152066,3.783156071652595,6.088396967146759,25.422255247789046,79.6276666848256,20-20
16.29683595259203,33.323218928123154,11.6653851349727,7.479265195925542,33.20849009263129,62.036932561272984,14-35-14
11.40137391442379,42.26502229510232,2.4075629901106765,6.580768583614422,28.931451318082388,54.90230284017953,DAP
26.858909649123945,57.83546479439231,14.171670915356504,6.731872737286501,17.60945558855008,50.83648176927436,DAP
16.37302156538024,26.413932163687324,13.615401877629566,6.802199199421789,34.96224493044639,66.86333906556102,14-35-14
112.64227028457294,8.641345701332355,15.927814452394177,7.095414801620109,33.298931622535974,62.3282765705033,Urea
29.064566297322184,29.45028020928241,4.173829418004733,6.644312043687481,20.935594069123354,50.33343101199266,28-28
13.735342642452146,24.729498244773893,24.23013498563536,6.604053100639098,23.200161130873916,62.651117310295916,10-26-26
11.625110652974563,44.19491442923939,18.515814000172373,7.295684434447505,29.067737485720052,74.05903034267932,14-35-14
16.438761553897802,15.086190025917803,0.19972932578028124,6.5866017374045605,26.553949052479407,70.3603069781704,20-20
0.1492628083443881,8.453732393148513,68.72272644803444,6.664040552951153,30.98328809468333,54.66037928793669,MOP
16.26284008963451,11.768624809069046,48.430523977196245,6.355080713780749,29.420456968543057,66.59879186424887,MOP
96.6251112811662,5.166008582551845,17.34023213821201,7.169268291750835,26.72128230924615,64.63700585837906,Urea
4.085129358727928,12.536052601296879,54.349700421715546,7.493467765011523,27.202752728928317,59.71771212379227,MOP
10.65851787410672,38.33512006237493,36.016361997195006,6.176695104696762,27.18699265972796,64.65588746951904,10-26-26
27.385505730518734,22.884736591765257,4.63936263454891,6.745818587022574,29.148421498516548,56.70813626992694,28-28
34.28396021800059,27.995829351420667,6.315443786761604,7.042940444489328,21.293806169667008,57.51642438015882,28-28
15.99146112277624,21.22954044183382,4.46874195200439,6.777984971570937,24.2047048099937,63.2913211685867,20-20
9.063322309637678,38.53170766436762,34.20843630024824,6.128385437189378,25.172721697543103,52.10532527942746,10-26-26
24.84575896376113,21.66407304694919,2.854040684634225,6.5858083942152446,23.09482366068994,79.31673337615167,20-20
22.62177481825049,29.720454770828212,2.454544625389304,7.217561382648536,27.76821367240281,63.468394578228654,28-28
29.217491903827888,33.38703640928017,0.7862671098975804,6.830914765780195,22.482874796308458,69.76027924130844,28-28
7.78779559333747,14.652253984807974,67.38900655524019,6.318121856216067,23.58496520317327,55.62569127106068,MOP
9.111272782593792,24.686501313010538,20.393029654936957,6.819089585210794,29.65609831380884,58.5392596757892,10-26-26
8.385068794254728,20.14183625548742,33.605013766607485,6.7381598436229435,21.466083003600033,53.99165873417877,10-26-26
12.900832499714378,32.32581496708289,20.89721115255434,6.433820485693422,23.08917722843766,59.21812888677115,10-26-26
110.78925673187521,16.21870385345221,8.007132536796613,7.447152936006355,26.096940769281083,73.1550810569033,Urea
27.258158968463885,33.46298489783126,9.077612436501786,6.587416807871084,29.364933313102256,66.5106968304083,28-28
25.82621428625334,48.036453587420894,16.1023841750933,6.850132734685037,19.337255016812264,68.56780235086971,DAP
10.498601463991642,27.998185064942792,15.375811380515144,6.863688706683464,31.451500833009035,55.42422823288666,14-35-14
19.207335492442606,0.8917618546828798,45.722478108936095,6.021021776289086,28.50287649941142,68.64533767841945,MOP
16.65947166080464,41.453149369608546,10.1328120345858,6.813022947719589,29.59562977505522,67.47419860551983,14-35-14
1.444263706703759,13.68870722138615,60.12881659434538,7.147723274791896,27.27935951092573,52.987632724528645,MOP
